/* assets_smithy.h - generated by png2c from BSSAMPLE02 / BSASSET05
 * 16-color indexed, 4bpp packed (2 px per byte, high nibble first).
 * Palette index 0 = transparent.
 * atlas 274 tiles = 35072 B | char 4 frames = 768 B | pal 48 B
 */
#ifndef ASSETS_SMITHY_H
#define ASSETS_SMITHY_H

#define PAL_N        16
#define ATLAS_TILES  274
#define ATLAS_COLS   20
#define TILE_PX      16
#define CHAR_W       16
#define CHAR_H       24
#define CHAR_FRAMES  4  /* down, sideA, sideB(left), up */

static const unsigned char pal_rgb[PAL_N*3] = {
  255,  0,255,160,148,137,144,122,106,134,115,104,
  128,114,108,127,106, 94,127, 92, 78, 99, 89, 94,
   81, 60, 59, 53, 46, 55, 40, 39, 46, 40, 38, 51,
   40, 38, 49, 40, 38, 48, 39, 38, 45, 37, 35, 46,
};

/* 4bpp: px[i] = (data[i>>1] >> (((i&1)^1)<<2)) & 0xF */
static const unsigned char atlas_4bpp[35072] = {
  0xCC,0xCC,0xCC,0xCC,0xCC,0xCC,0xCC,0xCC,0xCC,0xCC,0xCC,0xCC,0xCC,0xCC,0xCC,0xCC,0xCC,0xCC,0xCC,0xCC,
  0xCC,0xCC,0xCC,0xCC,0xCC,0xCC,0xCC,0xCC,0xCC,0xCC,0xCC,0xCC,0xCC,0xCC,0xCC,0xCC,0xCC,0xCC,0xCC,0xCC,
  0xCC,0xCC,0xCC,0xCC,0xCC,0xCC,0xCC,0xCC,0xCC,0xCC,0xCC,0xCC,0xCC,0xCC,0xCC,0xCC,0xCC,0xCC,0xCC,0xCC,
  0xCC,0xCC,0xCC,0xCC,0xCC,0xCC,0xCC,0xCC,0xCC,0xCC,0xCC,0xCC,0xCC,0xCC,0xCC,0xCC,0xCC,0xCC,0xCC,0xCC,
  0xCC,0xCC,0xCC,0xCC,0xCC,0xCC,0xCC,0xCC,0xCC,0xCC,0xCC,0xCC,0xCC,0xCC,0xCC,0xCC,0xCC,0xCC,0xCC,0xCC,
  0xCC,0xCC,0xCC,0xCC,0xCC,0xCC,0xCC,0xCC,0xCC,0xCC,0xCC,0xCC,0xCC,0xCC,0xCC,0xCC,0xCC,0xCC,0xCC,0xCC,
  0xCC,0xCC,0xCC,0xCC,0xCC,0xCC,0xCC,0xCC,0xCC,0xCC,0xCC,0xCC,0xCC,0xCC,0xCC,0xCC,0xCC,0xCC,0xCC,0xCC,
  0xCC,0xCC,0xCC,0xCC,0xCC,0xCC,0xCC,0xCC,0xCC,0xCC,0xCC,0xCC,0xCC,0xCC,0xCC,0xCC,0xCC,0xCC,0xCC,0xCC,
  0xCC,0xCC,0xCC,0xCC,0xCC,0xCC,0xCC,0xCC,0xCC,0xCC,0xCC,0xCC,0xCC,0xCC,0xCC,0xCC,0xCC,0xCC,0xCC,0xCC,
  0xCC,0xCC,0xCC,0xCC,0xCC,0xCC,0xCC,0xCC,0xCC,0xCC,0xCC,0xCC,0xCC,0xCC,0xCC,0xCC,0xCC,0xCC,0xCC,0xCC,
  0xCC,0xCC,0xCC,0xCC,0xCC,0xCC,0xCC,0xCC,0xCC,0xCC,0xCC,0xCC,0xCC,0xCC,0xCC,0xCC,0xCC,0xCC,0xCC,0xCC,
  0xCC,0xCC,0xCC,0xCC,0xCC,0xCC,0xCC,0xCC,0xCC,0xCC,0xCC,0xCC,0xCC,0xCC,0xCC,0xCC,0xCC,0xCC,0xCC,0xCC,
  0xCC,0xCC,0xCC,0xCC,0xCC,0xCC,0xCC,0xCC,0xCC,0xCC,0xCC,0xCC,0xCC,0xCC,0xDD,0xDD,0xCC,0xCC,0xCC,0xCC,
  0xCC,0xCC,0xCC,0xCC,0xCC,0xCC,0xCC,0xCC,0xCC,0xCC,0xCC,0xCC,0xCC,0xCC,0xCC,0xCC,0xCC,0xCC,0xCC,0xCC,
  0xCC,0xCC,0xCC,0xCC,0xCC,0xCC,0xCC,0xCC,0xCC,0xCC,0xCC,0xCC,0xCC,0xCC,0xCC,0xCC,0xCC,0xCC,0xCC,0xCC,
  0xCC,0xCC,0xCC,0xCC,0xCC,0xCC,0xCC,0xCC,0xCC,0xCC,0xCC,0xCC,0xCC,0xCC,0xCC,0xCC,0xCC,0xCC,0xCC,0xCC,
  0xCC,0xCC,0xCC,0xCC,0xCC,0xCC,0xCC,0xCC,0xCC,0xCC,0xCC,0xCC,0xCC,0xCC,0xCC,0xCC,0xCC,0xCC,0xCC,0xCC,
  0xCC,0xCC,0xCC,0xCC,0xCC,0xCC,0xCC,0xCC,0xCC,0xCC,0xCC,0xCC,0xCC,0xCC,0xCC,0xCC,0xCC,0xCC,0xCC,0xCC,
  0xCC,0xCC,0xCC,0xCC,0xCC,0xCC,0xCC,0xCC,0xCC,0xCC,0xCC,0xCC,0xCC,0xCC,0xCC,0xCC,0xDD,0xDD,0xDD,0xDD,
  0xDD,0xDD,0xDD,0xDD,0xCC,0xCC,0xCC,0xCC,0xCC,0xCC,0xCC,0xCC,0xCC,0xCC,0xCC,0xCC,0xCC,0xCC,0xCC,0xCC,
  0xCC,0xCC,0xCC,0xCC,0xCC,0xCC,0xCC,0xCC,0xCC,0xCC,0xCC,0xCC,0xCC,0xCC,0xCC,0xCC,0xCC,0xCC,0xCC,0xCC,
  0xCC,0xCC,0xCC,0xCC,0xCC,0xCC,0xCC,0xCC,0xCC,0xCC,0xCC,0xCC,0xCC,0xCC,0xCC,0xCC,0xCC,0xCC,0xCC,0xCC,
  0xCC,0xCC,0xCC,0xCC,0xCC,0xCC,0xCC,0xCC,0xCC,0xCC,0xCC,0xCC,0xCC,0xCC,0xCC,0xCC,0xCC,0xCC,0xCC,0xCC,
  0xCC,0xCC,0xCC,0xCC,0xCC,0xCC,0xCC,0xCC,0xCC,0xCC,0xCC,0xCC,0xCC,0xCC,0xCC,0xCC,0xCC,0xCC,0xCC,0xCC,
  0xCC,0xCC,0xCC,0xCC,0xCC,0xCC,0xCC,0xCC,0xCC,0xCC,0xCC,0xCC,0xCC,0xCC,0xCC,0xCC,0xCC,0xCC,0xCC,0xCC,
  0xCC,0xDD,0xCC,0xDD,0xDD,0xDD,0xDD,0xDD,0xDD,0xDD,0xDD,0xCC,0xCC,0xCC,0xCC,0xCC,0xCC,0xCC,0xCC,0xCC,
  0xCC,0xCC,0xCC,0xCC,0xCC,0xCC,0xCC,0xCC,0xCC,0xCC,0xCC,0xCC,0xCC,0xCC,0xCC,0xCC,0xCC,0xCC,0xCC,0xCC,
  0xCC,0xCC,0xCC,0xCC,0xCC,0xCC,0xCC,0xCC,0xCC,0xCC,0xCC,0xCC,0xCC,0xCC,0xCC,0xCC,0xCC,0xCC,0xCC,0xCC,
  0xCC,0xCC,0xCC,0xCC,0xCC,0xCC,0xCC,0xCC,0xCC,0xCC,0xCC,0xCC,0xCC,0xCC,0xCC,0xCC,0xCC,0xCC,0xCC,0xCC,
  0xCC,0xCC,0xCC,0xCC,0xCC,0xCC,0xCC,0xCC,0xCC,0xCC,0xCC,0xCC,0xCC,0xCC,0xCC,0xCC,0xCC,0xCC,0xCC,0xCC,
  0xCC,0xCC,0xCC,0xCC,0xCC,0xCC,0xCC,0xCC,0xCC,0xCC,0xCC,0xCC,0xCC,0xCC,0xCC,0xCC,0xCC,0xCC,0xCC,0xCC,
  0xCC,0xCC,0xCC,0xCC,0xDD,0xDD,0xCC,0xDD,0xDD,0xDD,0xCC,0xDD,0xCC,0xCC,0xDD,0xCC,0xCC,0xCC,0xDD,0xCC,
  0xCC,0xCC,0xCC,0xCC,0xCC,0xCC,0xCC,0xCC,0xCC,0xCC,0xCC,0xCC,0xCC,0xCC,0xCC,0xCC,0xCC,0xCC,0xCC,0xCC,
  0xCC,0xCC,0xCC,0xCC,0xCC,0xCC,0xCC,0xCC,0xCC,0xCC,0xCC,0xCC,0xCC,0xCC,0xCC,0xCC,0xCC,0xCC,0xCC,0xDB,
  0xCC,0xCC,0xCC,0xCC,0xCC,0xCC,0xCC,0xFB,0xCC,0xCC,0xDF,0xDD,0xDD,0xCC,0xCC,0xDC,0xCC,0xCC,0xCB,0xBB,
  0xBB,0xBB,0xDD,0xDC,0xCC,0xCC,0xDB,0xB9,0x99,0x99,0xAE,0xAA,0xCC,0xCC,0xBB,0xB9,0x99,0x99,0xAE,0xEC,
  0xCC,0xCC,0xBB,0xB9,0x99,0x99,0xAE,0xAA,0xCC,0xCC,0xBB,0xBB,0xBB,0xBB,0xAE,0xAA,0xCC,0xCD,0xEC,0xBE,
  0xEE,0xEE,0xEE,0xB9,0xCC,0xCD,0xAB,0x99,0x99,0x99,0xEB,0x99,0xCC,0xCD,0xAB,0x99,0x99,0x99,0xB9,0x99,
  0xDD,0xDD,0xC9,0x99,0x99,0x99,0x99,0x99,0xCC,0xCD,0xAA,0xAA,0xAA,0xEE,0xCC,0xCC,0xCC,0xCD,0xAA,0xAA,
  0xAA,0xEE,0xCC,0xCC,0xCC,0xCD,0xAA,0xAA,0xAA,0xAA,0xBC,0xCC,0xCC,0xCD,0xAA,0xCC,0xCC,0xCA,0xBC,0xDD,
  0xCC,0xCB,0xCC,0xCC,0xCC,0xCC,0xAA,0xEA,0xCC,0xCB,0xBB,0xBB,0xBB,0xBC,0xAA,0xAA,0xBB,0xBB,0xBB,0xBB,
  0xBB,0xBC,0xAA,0xAA,0xBB,0xBB,0xBB,0xBB,0xBB,0xBC,0xAA,0xAE,0xBB,0xCD,0xDD,0xDD,0xDD,0xEE,0xEA,0xAA,
  0xBB,0xCB,0x99,0x99,0x99,0x99,0xAE,0xAB,0xBB,0xB9,0x99,0x99,0x99,0x99,0xBA,0xAA,0xCC,0xB9,0x99,0x99,
  0x99,0x99,0xBA,0xAE,0x99,0xB9,0x99,0x99,0x99,0x99,0x9B,0x99,0x99,0x99,0x99,0x99,0x99,0x99,0x99,0x99,
  0x99,0x99,0x99,0x99,0x99,0x99,0x99,0x99,0x99,0x99,0x99,0x99,0x99,0x99,0x99,0x99,0xCC,0xCC,0xCC,0xCC,
  0xCC,0xCC,0xCC,0xCC,0xCC,0xCC,0xCC,0xCC,0xCC,0xCC,0xCC,0xCC,0xCC,0xCC,0xCC,0xCC,0xCC,0xCC,0xCC,0xCC,
  0xDD,0xDD,0xCC,0xCC,0xCC,0xCC,0xCC,0xCC,0xAE,0xAA,0xCC,0xCC,0xCC,0xCC,0xCC,0xCC,0xAE,0xAA,0xCC,0xCC,
  0xCC,0xCC,0xCC,0xCC,0xAA,0xAA,0xDD,0xDD,0xDC,0xCD,0xCC,0xCC,0xAA,0xAA,0xBB,0xBB,0xBB,0xCD,0xCC,0xCC,
  0xBC,0xBB,0x99,0x99,0x9B,0xAE,0xCC,0xCC,0xBC,0xBB,0x99,0x99,0x9B,0xAE,0xCC,0xCC,0xBB,0xCB,0x99,0x99,
  0x9B,0xAE,0xCC,0xCC,0xDC,0xCB,0xDD,0xBB,0xBB,0xAE,0xCC,0xCC,0x9A,0xAE,0xAA,0xEE,0xDD,0xCD,0xCC,0xCC,
  0x99,0xBB,0x99,0x99,0x9B,0xCD,0xCC,0xCC,0x99,0x99,0x99,0x99,0x9B,0xCC,0xDD,0xDD,0x99,0x99,0x99,0x99,
  0x99,0xBD,0xCC,0xCC,0xCC,0xCC,0xCC,0xCC,0xCC,0xCC,0xCC,0xCC,0xCC,0xCC,0xCC,0xCC,0xCC,0xCC,0xCC,0xCC,
  0xCC,0xCC,0xCC,0xCC,0xCC,0xCC,0xCC,0xCC,0xCC,0xCC,0xCC,0xCC,0xCC,0xCC,0xCC,0xCC,0xCC,0xCC,0xCC,0xCC,
  0xCC,0xCC,0xCC,0xCC,0xCC,0xCC,0xCC,0xCC,0xCC,0xCC,0xCC,0xCC,0xCC,0xCC,0xCC,0xCC,0xCC,0xCC,0xCC,0xCC,
  0xCC,0xCC,0xCC,0xCC,0xCC,0xCC,0xCC,0xCC,0xCC,0xCC,0xCC,0xCC,0xCC,0xCC,0xCC,0xCC,0xCC,0xCC,0xCC,0xCC,
  0xCC,0xCC,0xCC,0xCC,0xCC,0xCC,0xCC,0xCC,0xCC,0xCC,0xCC,0xCC,0xCC,0xCC,0xCC,0xCC,0xCC,0xCC,0xCC,0xCC,
  0xCC,0xCC,0xCC,0xCC,0xCC,0xCC,0xCC,0xCC,0xCC,0xCC,0xCC,0xCC,0xCC,0xCC,0xCC,0xCC,0xDD,0xDD,0xCC,0xDD,
  0xDD,0xCC,0xDD,0xDD,0xCC,0xCC,0xCC,0xCC,0xCC,0xDD,0xDD,0xCC,0xCC,0xCC,0xCC,0xCC,0xCC,0xCC,0xCC,0xCC,
  0xCC,0xCC,0xCC,0xCC,0xCC,0xCC,0xCC,0xCC,0xCC,0xCC,0xCC,0xCC,0xCC,0xCC,0xCC,0xCC,0xCC,0xCC,0xCC,0xCC,
  0xCC,0xCC,0xCC,0xCC,0xCC,0xCC,0xCC,0xCC,0xCC,0xCC,0xCC,0xCC,0xCC,0xCC,0xCC,0xCC,0xCC,0xCC,0xCC,0xCC,
  0xCC,0xCC,0xCC,0xCC,0xCC,0xCC,0xCC,0xCC,0xCC,0xCC,0xCC,0xCC,0xCC,0xCC,0xCC,0xCC,0xCC,0xCC,0xCC,0xCC,
  0xCC,0xCC,0xCC,0xCC,0xCC,0xCC,0xCC,0xCC,0xCC,0xCC,0xCC,0xCC,0xCC,0xCC,0xCC,0xCC,0xCC,0xCC,0xCC,0xCC,
  0xCC,0xCC,0xCC,0xCC,0xCC,0xCC,0xCC,0xCC,0xCC,0xCC,0xCC,0xCC,0xCC,0xCC,0xCC,0xCC,0xCC,0xCC,0xCC,0xCC,
  0xCC,0xCC,0xCC,0xCC,0xDD,0xCC,0xDD,0xDD,0xCC,0xCC,0xCC,0xCC,0xCC,0xCC,0xCC,0xCC,0xCC,0xCC,0xCC,0xCC,
  0xCC,0xCC,0xCC,0xCC,0xCC,0xCC,0xCC,0xCC,0xCC,0xCC,0xCC,0xCC,0xCC,0xCC,0xCC,0xCC,0xCC,0xCC,0xCC,0xCC,
  0xCC,0xCC,0xCC,0xCC,0xCC,0xCC,0xCC,0xCC,0xCC,0xCC,0xCC,0xCC,0xCC,0xCC,0xCC,0xCC,0xCC,0xCC,0xCC,0xCC,
  0xCC,0xCC,0xCC,0xCC,0xCC,0xCC,0xCC,0xCC,0xCC,0xCC,0xCC,0xCC,0xCC,0xCC,0xCC,0xCC,0xCC,0xCC,0xCC,0xCC,
  0xCC,0xCC,0xCC,0xCC,0xCC,0xCC,0xCC,0xCC,0xCC,0xCC,0xCC,0xCC,0xCC,0xCC,0xCC,0xCC,0xCC,0xCC,0xCC,0xCC,
  0xCC,0xCC,0xCC,0xCC,0xCC,0xCC,0xCC,0xCC,0xCC,0xCC,0xCC,0xCC,0xCC,0xCC,0xCC,0xCC,0xCC,0xCC,0xCC,0xCC,
  0xCC,0xCC,0xCC,0xCC,0xCC,0xCC,0xCC,0xCC,0xCC,0xCC,0xCC,0xCC,0xCC,0xCC,0xCC,0xCC,0xCC,0xCC,0xCC,0xCC,
  0xCC,0xCC,0xDD,0xDD,0xDD,0xDD,0xDD,0xDD,0xCC,0xCC,0xCC,0xCC,0xCC,0xCC,0xCC,0xCC,0xCC,0xCC,0xCC,0xCC,
  0xCC,0xCC,0xCC,0xCC,0xCC,0xCC,0xCC,0xCC,0xCC,0xCC,0xCC,0xCC,0xCC,0xCC,0xCC,0xCC,0xCC,0xCC,0xCC,0xCC,
  0xCC,0xCC,0xCC,0xCC,0xCC,0xCC,0xCC,0xCC,0xCC,0xCC,0xCC,0xCC,0xCC,0xCC,0xCC,0xCC,0xCC,0xCC,0xCC,0xCC,
  0xCC,0xCC,0xCC,0xCC,0xCC,0xCC,0xCC,0xCC,0xCC,0xCC,0xCC,0xCC,0xCC,0xCC,0xCC,0xCC,0xCC,0xCC,0xCC,0xCC,
  0xCC,0xCC,0xCC,0xCC,0xCC,0xCC,0xCC,0xCC,0xCC,0xCC,0xCC,0xCC,0xCC,0xCC,0xCC,0xCC,0xCC,0xCC,0xCC,0xCC,
  0xCC,0xCC,0xCC,0xCC,0xCC,0xCC,0xCC,0xCC,0xCC,0xCC,0xCC,0xCC,0xCC,0xCC,0xCC,0xCC,0xCC,0xCC,0xCC,0xCC,
  0xCC,0xCC,0xCC,0xCC,0xCC,0xCC,0xCC,0xCC,0xDD,0xDD,0xCC,0xCC,0xCC,0xCC,0xCC,0xCC,0xCC,0xCC,0xCC,0xCC,
  0xCC,0xCD,0xAA,0xAA,0xCC,0xCC,0xCC,0xCC,0xCC,0xCD,0xAA,0xAA,0xCC,0xCC,0xCC,0xCC,0xCC,0xCD,0xEA,0xAA,
  0xCC,0xCC,0xCC,0xCC,0xCC,0xCD,0xEA,0xA9,0xCC,0xCC,0xCC,0xCC,0xCC,0xCC,0xDC,0xA9,0xCC,0xCC,0xCC,0xCC,
  0xCC,0xCC,0xCB,0xA9,0xCC,0xCC,0xCC,0xCC,0xCC,0xCC,0xCB,0xA9,0xCC,0xCC,0xCC,0xCC,0xCC,0xCC,0xFD,0xA9,
  0xCC,0xCC,0xCC,0xCC,0xCC,0xCD,0xDB,0xC9,0xCC,0xCC,0xCC,0xCC,0xCC,0xCD,0xAB,0xC9,0xCC,0xCC,0xCC,0xCC,
  0xCC,0xCD,0xDB,0xD9,0xCC,0xCC,0xCC,0xCC,0xCC,0xCD,0xDB,0xE9,0xCC,0xCC,0xCC,0xCC,0xCC,0xCD,0xDB,0xC9,
  0xCC,0xCC,0xCC,0xCC,0xCC,0xCD,0xDB,0xC9,0xCC,0xCC,0xCC,0xCC,0xCC,0xCD,0xAB,0xD9,0xCC,0xCC,0xCC,0xCC,
  0xCC,0xCD,0xAC,0xD9,0xAB,0xBB,0xCA,0xBA,0xBB,0xCC,0xDA,0xCC,0xFB,0xBB,0xCD,0xDE,0xCC,0xCC,0xCB,0xBB,
  0x99,0x99,0x99,0x99,0x9B,0x99,0x99,0x99,0x98,0x88,0x89,0x88,0x88,0x88,0x98,0x88,0x86,0x66,0x66,0x66,
  0x66,0x66,0x66,0x66,0x86,0x65,0x66,0x66,0x66,0x66,0x66,0x66,0x76,0x68,0x84,0x42,0x22,0x22,0x44,0x22,
  0x86,0x88,0x81,0x11,0x11,0x11,0x11,0x11,0x86,0x67,0x81,0x11,0x11,0x11,0x11,0x11,0x76,0x57,0x81,0x11,
  0x11,0x11,0x11,0x11,0x76,0x57,0x87,0x11,0x11,0x11,0x11,0x11,0x76,0x57,0x88,0x11,0x11,0x11,0x11,0x11,
  0x76,0x57,0x98,0x11,0x11,0x11,0x11,0x11,0x76,0x68,0x99,0x41,0x11,0x11,0x11,0x11,0x76,0x68,0x97,0x41,
  0x11,0x11,0x11,0x49,0x86,0x77,0xB7,0x11,0x11,0x11,0x49,0x74,0xCC,0xCC,0xAD,0xCC,0xCC,0xCC,0xAA,0xCC,
  0xCC,0xCC,0xCB,0xBB,0xCC,0xCC,0xDC,0xCC,0x99,0x99,0x99,0x99,0x99,0x99,0x99,0x99,0x88,0x88,0x89,0x88,
  0x88,0x88,0x88,0x88,0x66,0x66,0x66,0x66,0x66,0x66,0x66,0x66,0x66,0x66,0x66,0x66,0x66,0x66,0x66,0x66,
  0x22,0x22,0x44,0x22,0x22,0x22,0x44,0x22,0x11,0x11,0x11,0x11,0x11,0x11,0x11,0x11,0x11,0x11,0x11,0x11,
  0x11,0x11,0x11,0x11,0x11,0x11,0x11,0x11,0x11,0x11,0x11,0x11,0x11,0x11,0x11,0x11,0x11,0x11,0x11,0x11,
  0x11,0x11,0x11,0x11,0x11,0x11,0x11,0x11,0x11,0x11,0x11,0x11,0x11,0x11,0x11,0x11,0x11,0x14,0x41,0x11,
  0x11,0x11,0x11,0x11,0x99,0x97,0x79,0x99,0x99,0x99,0x99,0x99,0x44,0x77,0x88,0x78,0x88,0x88,0x88,0x88,
  0xCC,0xC9,0xAD,0xCC,0xAA,0xAA,0xAB,0xBB,0xCC,0xBB,0xCB,0xBB,0xDD,0xCC,0xBB,0xCC,0x99,0x99,0x99,0x99,
  0xA9,0x99,0x99,0x99,0x88,0x88,0x98,0x88,0x88,0x88,0x98,0x88,0x66,0x66,0x66,0x66,0x66,0x66,0x66,0x66,
  0x66,0x66,0x66,0x56,0x66,0x66,0x66,0x66,0x22,0x22,0x44,0x22,0x22,0x22,0x44,0x42,0x11,0x11,0x11,0x11,
  0x11,0x11,0x11,0x11,0x11,0x11,0x11,0x11,0x11,0x11,0x11,0x11,0x11,0x11,0x11,0x11,0x11,0x11,0x11,0x11,
  0x11,0x11,0x11,0x11,0x11,0x11,0x11,0x11,0x11,0x11,0x11,0x11,0x11,0x11,0x11,0x11,0x11,0x11,0x11,0x11,
  0x78,0x88,0x88,0x88,0x11,0x11,0x11,0x17,0x74,0x44,0x44,0x44,0x99,0x99,0x99,0x9A,0xA8,0x77,0x77,0x77,
  0x88,0x88,0x88,0x88,0x97,0x88,0x89,0x77,0xCC,0xCC,0xAA,0xBB,0xCC,0xBB,0xAA,0xB9,0xCC,0xCC,0xCB,0xBB,
  0xBB,0xBB,0xCB,0xBB,0x99,0x99,0x99,0x99,0xD9,0x99,0x99,0x99,0x88,0x88,0x98,0x88,0x88,0x88,0x98,0x88,
  0x66,0x66,0x66,0x66,0x66,0x66,0x66,0x66,0x66,0x66,0x66,0x66,0x66,0x66,0x86,0x66,0x22,0x22,0x44,0x22,
  0x22,0x22,0x44,0x22,0x11,0x11,0x11,0x11,0x11,0x11,0x11,0x11,0x11,0x11,0x11,0x11,0x11,0x11,0x11,0x11,
  0x11,0x11,0x11,0x11,0x11,0x11,0x11,0x11,0x11,0x11,0x11,0x11,0x11,0x11,0x11,0x11,0x11,0x11,0x11,0x11,
  0x11,0x11,0x11,0x11,0x11,0x11,0x11,0x11,0x11,0x11,0x11,0x11,0x71,0x11,0x11,0x11,0x11,0x11,0x11,0x19,
  0x99,0x99,0x91,0x11,0x11,0x11,0x11,0x19,0x44,0x11,0x19,0x11,0x11,0x11,0x11,0x97,0x99,0x9B,0xB9,0x99,
  0x99,0x99,0x99,0x98,0xBB,0xBB,0xA9,0x99,0x99,0x99,0x99,0x98,0x99,0x99,0xA9,0x99,0x99,0x99,0xB9,0x98,
  0x88,0x88,0xA9,0x88,0x88,0x88,0x99,0x99,0x66,0x66,0xA9,0x88,0x88,0x88,0x99,0x97,0x66,0x66,0x99,0x88,
  0x88,0x88,0x99,0x97,0x22,0x42,0x99,0x88,0x88,0x88,0x99,0x98,0x11,0x19,0x89,0x88,0x88,0x88,0x89,0x99,
  0x11,0x19,0x89,0x88,0x88,0x88,0x88,0x87,0x11,0x84,0x98,0x86,0x66,0x66,0x88,0x97,0x18,0x41,0x98,0x86,
  0x66,0x66,0x88,0x98,0x87,0x11,0x98,0x86,0x66,0x66,0x88,0x99,0x97,0x11,0x98,0x86,0x66,0x66,0x88,0x97,
  0x77,0x11,0x98,0x88,0x88,0x88,0x88,0x97,0x77,0x11,0x98,0x88,0x88,0x88,0x88,0x98,0x77,0x11,0x11,0x11,
  0x11,0x11,0x11,0x99,0x89,0x97,0x77,0x88,0x77,0x77,0x89,0x98,0x89,0x97,0x77,0x78,0x77,0x77,0x89,0x98,
  0x99,0x97,0x77,0x78,0x77,0x77,0x89,0x99,0x99,0x97,0x77,0x78,0x77,0x77,0x89,0x99,0x78,0x87,0x77,0x78,
  0x77,0x77,0x89,0x87,0x88,0x97,0x77,0x78,0x77,0x77,0x89,0x87,0x89,0x98,0x88,0x89,0x88,0x88,0x99,0x88,
  0x99,0x97,0x77,0x77,0x77,0x77,0x79,0x99,0x78,0x87,0x77,0x77,0x77,0x77,0x79,0x87,0x88,0x87,0x77,0x77,
  0x77,0x77,0x79,0x87,0x89,0x97,0x77,0x77,0x77,0x77,0x79,0x88,0x99,0x97,0x77,0x77,0x77,0x77,0x79,0x99,
  0x78,0x87,0x77,0x77,0x77,0x77,0x79,0x87,0x88,0x87,0x77,0x77,0x77,0x77,0x89,0x87,0x89,0x97,0x77,0x77,
  0x77,0x77,0x79,0x98,0x99,0x97,0x77,0x77,0x77,0x77,0x79,0x99,0x99,0x99,0x99,0x99,0x99,0xBA,0xBB,0xBB,
  0x89,0x99,0x99,0x99,0x99,0xBC,0xEA,0xAA,0x99,0x99,0x99,0xBB,0x99,0xBB,0x99,0x99,0x99,0x99,0x88,0x88,
  0x89,0x99,0x88,0x88,0x89,0x98,0x88,0x88,0x89,0x98,0x66,0x66,0x79,0x98,0x88,0x88,0x89,0x98,0x66,0x66,
  0x89,0x98,0x88,0x88,0x89,0x98,0x42,0x22,0x99,0x98,0x88,0x88,0x89,0x99,0x71,0x11,0x78,0x88,0x88,0x88,
  0x88,0x99,0x71,0x11,0x79,0x88,0x66,0x66,0x68,0x97,0x74,0x11,0x89,0x88,0x66,0x66,0x68,0x97,0x17,0x71,
  0x99,0x88,0x66,0x66,0x68,0x87,0x14,0x87,0x88,0x88,0x66,0x66,0x68,0x87,0x14,0x87,0x89,0x88,0x88,0x88,
  0x88,0x87,0x14,0x78,0x89,0x88,0x88,0x88,0x88,0x97,0x14,0x78,0x97,0x11,0x11,0x11,0x11,0x11,0x14,0x77,
  0xBB,0xBC,0xBB,0xBB,0xAA,0xCA,0xAA,0xAA,0xAA,0xAE,0xAA,0xAA,0xDD,0xDD,0xDD,0xDD,0x99,0x99,0x99,0x9A,
  0x99,0x99,0x99,0x99,0x88,0x88,0x88,0x88,0x88,0x89,0x88,0x88,0x66,0x66,0x66,0x66,0x66,0x66,0x66,0x66,
  0x55,0x56,0x66,0x66,0x66,0x66,0x66,0x66,0x22,0x24,0x42,0x22,0x22,0x24,0x42,0x22,0x11,0x11,0x11,0x11,
  0x11,0x11,0x11,0x11,0x11,0x11,0x11,0x11,0x11,0x11,0x79,0xBB,0x11,0x11,0x11,0x11,0x11,0x11,0x77,0x77,
  0x11,0x11,0x11,0x11,0x11,0x11,0x17,0x77,0x11,0x11,0x11,0x11,0x11,0x11,0x17,0x77,0x11,0x11,0x11,0x11,
  0x11,0x11,0x17,0x87,0x41,0x11,0x11,0x11,0x11,0x11,0x11,0x89,0x71,0x11,0x11,0x11,0x11,0x11,0x11,0x17,
  0x87,0x11,0x11,0x11,0x11,0x11,0x11,0x87,0xBB,0xBC,0xCB,0xBB,0xBB,0x9D,0xBB,0xBB,0xAA,0xAE,0xAA,0xAA,
  0xEE,0xAE,0xAE,0xEE,0x99,0x99,0x99,0x9A,0x99,0x99,0x99,0x99,0x88,0x89,0x88,0x88,0x88,0x89,0x88,0x88,
  0x66,0x66,0x66,0x66,0x66,0x66,0x66,0x66,0x66,0x66,0x65,0x66,0x66,0x66,0x66,0x66,0x22,0x24,0x42,0x22,
  0x22,0x24,0x42,0x22,0x11,0x11,0x11,0x11,0x11,0x11,0x11,0x11,0x99,0x9B,0x99,0x94,0x11,0x11,0x11,0x11,
  0x77,0x77,0x77,0x97,0x11,0x11,0x11,0x11,0x77,0x77,0x79,0x74,0x11,0x11,0x11,0x11,0x77,0x88,0x9B,0x71,
  0x11,0x11,0x11,0x11,0x88,0x89,0x9B,0x71,0x11,0x11,0x11,0x11,0x99,0x99,0xB7,0x41,0x11,0x11,0x11,0x11,
  0x88,0x99,0xAA,0xE9,0xA9,0x99,0x99,0x99,0x78,0x9B,0x86,0x66,0x65,0x55,0x55,0x55,0xBB,0xBD,0xAC,0xAA,
  0xCC,0xCA,0xBC,0xAA,0xEE,0xEA,0xDD,0xDD,0xBB,0xBC,0xCD,0xDD,0x99,0x99,0x99,0x9A,0x99,0x99,0x99,0x99,
  0x88,0x89,0x88,0x88,0x88,0x89,0x88,0x88,0x66,0x66,0x66,0x66,0x66,0x66,0x66,0x66,0x66,0x66,0x66,0x66,
  0x66,0x68,0x66,0x66,0x22,0x24,0x22,0x22,0x22,0x24,0x22,0x22,0x11,0x11,0x11,0x11,0x11,0x11,0x11,0x11,
  0x11,0x11,0x11,0x11,0x11,0x11,0x11,0x11,0x11,0x11,0x11,0x11,0x11,0x11,0x11,0x11,0x11,0x11,0x11,0x11,
  0x11,0x11,0x11,0x11,0x11,0x11,0x11,0x11,0x11,0x11,0x11,0x11,0x11,0x11,0x11,0x11,0x11,0x11,0x11,0x11,
  0x11,0x11,0x11,0x11,0x11,0x11,0x11,0x11,0x99,0xAA,0xAA,0xAA,0xAA,0xAA,0xA1,0x11,0x25,0x66,0x66,0x68,
  0x88,0x88,0x8A,0x11,0xAA,0xBA,0xAC,0xCC,0xBB,0xDE,0xCC,0xBA,0xDD,0xDD,0xDD,0xDD,0xBB,0xCC,0xCC,0xCB,
  0x99,0x99,0x99,0x9D,0x99,0x99,0x99,0x9B,0x88,0x89,0x88,0x88,0x88,0x89,0x88,0x89,0x66,0x66,0x66,0x66,
  0x66,0x66,0x66,0x68,0x66,0x68,0x66,0x66,0x66,0x66,0x66,0x68,0x22,0x24,0x44,0x22,0x22,0x48,0x66,0x68,
  0x11,0x11,0x11,0x11,0x11,0x1B,0x76,0x69,0x11,0x11,0x11,0x11,0x11,0x1B,0x76,0x68,0x11,0x11,0x11,0x11,
  0x11,0x98,0x75,0x68,0x11,0x11,0x11,0x11,0x11,0xF7,0x75,0x68,0x11,0x11,0x11,0x11,0x11,0xF8,0x45,0x68,
  0x11,0x11,0x11,0x11,0x11,0x49,0x45,0x68,0x11,0x11,0x11,0x11,0x11,0x1B,0x76,0x68,0x11,0x11,0x11,0x11,
  0x11,0x1B,0x75,0x68,0x11,0x11,0x11,0x11,0x11,0xB7,0x78,0x69,0xAA,0xAA,0xCC,0xCC,0xCC,0xCC,0xCC,0xCC,
  0xAA,0xAA,0xCC,0xCC,0xCC,0xCC,0xCC,0xCC,0xAA,0xAA,0xCC,0xCC,0xCC,0xCC,0xCC,0xCC,0x9A,0xAA,0xCC,0xCC,
  0xCC,0xCC,0xCC,0xCC,0x9E,0xBC,0xCC,0xCC,0xCC,0xCC,0xCC,0xCC,0x9E,0xBD,0xCC,0xCC,0xCC,0xCC,0xCC,0xCC,
  0x9A,0xBD,0xCC,0xCC,0xCC,0xCC,0xCC,0xCC,0x9E,0xAD,0xCC,0xCC,0xCC,0xCC,0xCC,0xCC,0x9E,0xAE,0xCC,0xCC,
  0xCC,0xCC,0xCC,0xCC,0x9A,0xBE,0xCC,0xCC,0xCC,0xCC,0xCC,0xCC,0x9A,0xBA,0xCC,0xCC,0xCC,0xCC,0xCC,0xCC,
  0xEA,0xBA,0xCC,0xCC,0xCC,0xCC,0xCC,0xCC,0x9E,0xAA,0xCC,0xCC,0xCC,0xCC,0xCC,0xCC,0x9A,0xAA,0xCC,0xCC,
  0xCC,0xCC,0xCC,0xCC,0x9A,0xAA,0xCC,0xCC,0xCC,0xCC,0xCC,0xCC,0x9E,0xAE,0xCC,0xCC,0xCC,0xCC,0xCC,0xCC,
  0xCC,0xCC,0xCC,0xCC,0xCC,0xCC,0xCC,0xCC,0xCC,0xCC,0xCC,0xCC,0xCC,0xCC,0xCC,0xCC,0xCC,0xCC,0xCC,0xCC,
  0xCC,0xCC,0xCC,0xCC,0xCC,0xCC,0xCC,0xCC,0xCC,0xCC,0xCC,0xCC,0xCC,0xCC,0xCC,0xCC,0xCC,0xCC,0xCC,0xCC,
  0xCC,0xCC,0xCC,0xCC,0xCC,0xCC,0xCC,0xCC,0xCC,0xCC,0xCC,0xCC,0xCC,0xCC,0xCC,0xCC,0xCC,0xCC,0xCC,0xCC,
  0xCC,0xCC,0xCC,0xCC,0xCC,0xCC,0xCC,0xCC,0xCC,0xCC,0xCC,0xCC,0xCC,0xCC,0xCC,0xCC,0xCC,0xCC,0xCC,0xCC,
  0xCC,0xCC,0xCC,0xCC,0xCC,0xCC,0xCC,0xCC,0xCC,0xCC,0xCC,0xCC,0xCC,0xCC,0xCC,0xCC,0xCC,0xCC,0xCC,0xCC,
  0xCC,0xCC,0xCC,0xCC,0xCC,0xCC,0xCC,0xCC,0xCC,0xCC,0xCC,0xCC,0xCC,0xCC,0xCC,0xCC,0xCC,0xCC,0xCC,0xCC,
  0xCC,0xCC,0xCD,0xDC,0xCC,0xCC,0xCD,0xDC,0xCC,0xCC,0xCC,0xCC,0xCC,0xCC,0xCC,0xCC,0xCC,0xCC,0xCC,0xCC,
  0xCC,0xCC,0xCC,0xCC,0xCC,0xCC,0xCC,0xCC,0xCC,0xCC,0xCC,0xCC,0xCC,0xCC,0xCC,0xCC,0xCC,0xCC,0xCC,0xCC,
  0xCC,0xCC,0xCC,0xCC,0xCC,0xCC,0xCC,0xCC,0xCC,0xCC,0xCC,0xCC,0xCC,0xCC,0xCC,0xCC,0xCC,0xCC,0xCC,0xCC,
  0xCC,0xCC,0xCC,0xCC,0xCC,0xCC,0xCC,0xCC,0xDD,0xDD,0xCC,0xCC,0xCC,0xCC,0xCC,0xCD,0xAA,0xAA,0xCC,0xCC,
  0xCC,0xCC,0xCC,0xCD,0xAA,0xAA,0xCC,0xCC,0xCC,0xCC,0xCC,0xCD,0xEE,0xAA,0xCC,0xCC,0xCC,0xCC,0xDD,0xDD,
  0xCA,0xAA,0xDD,0xDD,0xCC,0xCD,0xAA,0xAA,0x9C,0xCC,0xAA,0xAA,0xCC,0xCD,0xAA,0xAA,0x9B,0x9B,0xAA,0xAA,
  0xCC,0xCD,0xAA,0xAA,0x99,0x99,0x9B,0xFC,0xCC,0xCC,0xAA,0xEE,0x99,0x99,0x99,0xB9,0xCC,0xCC,0xCC,0xCC,
  0xCC,0xCC,0xCC,0xCC,0xCC,0xCC,0xCC,0xCC,0xCC,0xCC,0xCC,0xCC,0xCC,0xCC,0xCC,0xCC,0xCC,0xCC,0xCC,0xCC,
  0xCC,0xCC,0xCC,0xCC,0xCC,0xCC,0xCC,0xCC,0xCC,0xCC,0xCC,0xCC,0xCC,0xCC,0xCC,0xCC,0xCC,0xCC,0xCC,0xCC,
  0xCC,0xCC,0xCC,0xCC,0xCC,0xCC,0xCC,0xCC,0xCC,0xCC,0xCC,0xCC,0xCC,0xCC,0xCC,0xCC,0xCC,0xCC,0xCC,0xCC,
  0xCC,0xCC,0xCC,0xCC,0xCC,0xCC,0xCC,0xCC,0xCC,0xCC,0xCC,0xCC,0xCC,0xCC,0xCC,0xCC,0xCC,0xCC,0xFC,0xCC,
  0xCC,0xCC,0xCC,0xCC,0xDD,0xDD,0xCB,0xCC,0xCC,0xCC,0xCC,0xCC,0xAA,0xAE,0x99,0xCC,0xCC,0xCC,0xCC,0xCC,
  0xDD,0xDD,0x99,0xDA,0xCC,0xCC,0xCC,0xCC,0xBB,0x9B,0x99,0xEE,0xDC,0xDD,0xCC,0xCC,0x99,0x99,0x99,0xEE,
  0xDC,0xBB,0xDD,0xDD,0xCC,0xCC,0xCC,0xCC,0xCC,0xCC,0xCB,0xA9,0xCC,0xCC,0xCC,0xCC,0xCC,0xCC,0xBB,0xA9,
  0xCC,0xCC,0xCC,0xCC,0xCC,0xCC,0xBB,0xA9,0xCC,0xCC,0xCC,0xCC,0xCC,0xCC,0xBB,0xA9,0xCC,0xCC,0xCC,0xCC,
  0xCC,0xCC,0xBB,0xA9,0xCC,0xCC,0xCC,0xCC,0xCC,0xCC,0xBB,0xA9,0xCC,0xCC,0xCC,0xCC,0xCC,0xCC,0xB9,0xA9,
  0xCC,0xCC,0xCC,0xCC,0xCC,0xCC,0xDD,0xA9,0xCC,0xCC,0xCC,0xCC,0xCC,0xCC,0xCB,0xB9,0xCC,0xCC,0xCC,0xCC,
  0xCC,0xCC,0xCB,0xB9,0xCC,0xCC,0xCC,0xCC,0xCC,0xCC,0xCB,0xC9,0xCC,0xCC,0xCC,0xCC,0xCC,0xCC,0xCB,0xD9,
  0xCC,0xCC,0xCC,0xCC,0xCC,0xCD,0xDB,0xC9,0xCC,0xCC,0xCC,0xCC,0xCC,0xCD,0xDB,0xC9,0xCC,0xCC,0xCC,0xCC,
  0xCC,0xCD,0xAB,0xA9,0xCC,0xCC,0xCC,0xCC,0xCC,0xCD,0xEC,0xD9,0x86,0x67,0x87,0x11,0x11,0x11,0x17,0x79,
  0x86,0x57,0x88,0x11,0x11,0x11,0x11,0x14,0x76,0x57,0x98,0x11,0x11,0x11,0x11,0x11,0x86,0x68,0x81,0x11,
  0x11,0x11,0x11,0x11,0x76,0x57,0x88,0x11,0x11,0x11,0x11,0x11,0x86,0x68,0x98,0x11,0x11,0x11,0x11,0x11,
  0x76,0x68,0x81,0x11,0x11,0x11,0x11,0x11,0x86,0x88,0x97,0x77,0x44,0x11,0x11,0x11,0x76,0x57,0x97,0x77,
  0x77,0x41,0x11,0x11,0x76,0x57,0x97,0x77,0x77,0x41,0x11,0x11,0x76,0x57,0x89,0x77,0x77,0x41,0x11,0x11,
  0x76,0x57,0x89,0x77,0x77,0x41,0x11,0x11,0x76,0x57,0x99,0x77,0x77,0x11,0x11,0x11,0x86,0x68,0x98,0x11,
  0x11,0x44,0x77,0x41,0x86,0x68,0x81,0x11,0x11,0x77,0x77,0x74,0x86,0x77,0x97,0x41,0x11,0x77,0x77,0x74,
  0x99,0x97,0x89,0x9A,0x99,0xAA,0x99,0x99,0x44,0x47,0x77,0x88,0x88,0x44,0x44,0x44,0x11,0x14,0x17,0x86,
  0x87,0x11,0x11,0x11,0x11,0x11,0x14,0x89,0x84,0x11,0x11,0x11,0x11,0x11,0x11,0x44,0x41,0x11,0x11,0x11,
  0x11,0x14,0x77,0x41,0x11,0x11,0x11,0x11,0x11,0x14,0x77,0x74,0x11,0x11,0x11,0x11,0x11,0x17,0x77,0x74,
  0x11,0x11,0x17,0x94,0x11,0x14,0x77,0x41,0x11,0x11,0x74,0x74,0x11,0x11,0x11,0x11,0x11,0x17,0x47,0x71,
  0x11,0x11,0x11,0x11,0x11,0x74,0x77,0x11,0x11,0x11,0x77,0x11,0x17,0x47,0x99,0x99,0x11,0x17,0x77,0x9E,
  0xE9,0x77,0x77,0x77,0x11,0x47,0x11,0x46,0x88,0x77,0x88,0x89,0x11,0x17,0x77,0x99,0xE9,0x47,0x87,0x77,
  0x11,0x14,0x79,0x88,0x89,0x77,0x99,0xB9,0x99,0x99,0x9A,0xAE,0xA7,0x9A,0xAA,0x77,0x44,0x44,0x77,0x88,
  0x97,0x87,0x78,0x79,0x11,0x11,0x79,0x99,0x87,0x79,0x98,0x77,0x11,0x11,0x49,0x74,0x44,0x44,0x74,0x44,
  0x11,0x11,0x14,0x74,0x44,0x44,0x41,0x11,0x11,0x11,0x11,0x48,0x99,0x99,0x99,0x99,0x11,0x11,0x11,0x14,
  0x77,0x77,0x77,0x77,0x11,0x11,0x11,0x11,0x11,0x11,0x11,0x11,0x11,0x11,0x11,0x11,0x11,0x11,0x11,0x11,
  0x11,0x11,0x11,0x11,0x11,0x11,0x11,0x11,0x11,0x11,0x11,0x11,0x11,0x14,0x77,0x11,0x99,0x99,0x99,0x99,
  0x99,0x99,0x97,0x71,0x77,0x77,0x77,0x77,0x77,0x44,0x49,0xB1,0x99,0x88,0x88,0x88,0x88,0x88,0x77,0x49,
  0x77,0x77,0x78,0x77,0x77,0x77,0x78,0x94,0x99,0x99,0x99,0x99,0x9B,0x99,0x97,0x41,0x99,0x99,0x97,0x11,
  0x11,0x11,0x11,0x97,0x74,0x77,0x41,0x11,0x11,0x11,0x11,0x97,0x99,0x99,0x11,0x11,0x11,0x11,0x11,0x97,
  0x44,0x97,0x11,0x11,0x11,0x11,0x11,0x97,0x17,0x71,0x11,0x11,0x11,0x11,0x11,0x97,0x97,0x11,0x11,0x11,
  0x11,0x11,0x11,0x97,0x71,0x11,0x11,0x11,0x11,0x11,0x11,0x97,0x11,0x11,0x11,0x11,0x11,0x11,0x11,0x98,
  0x11,0x11,0x11,0x11,0x11,0x11,0x11,0x19,0x11,0x11,0x11,0x11,0x11,0x11,0x11,0x11,0x11,0x11,0x11,0x11,
  0x11,0x11,0x11,0x11,0x11,0x11,0x11,0x11,0x11,0x11,0x11,0x11,0x11,0x11,0x11,0x11,0x11,0x11,0x11,0x11,
  0x91,0x11,0x11,0x11,0x11,0x11,0x11,0x11,0x41,0x11,0x14,0x77,0x77,0x71,0x11,0x1F,0x11,0x11,0x47,0x77,
  0x77,0x77,0x11,0x1F,0x77,0x11,0x11,0x11,0x11,0x11,0x11,0x97,0x77,0x41,0x11,0x11,0x11,0x11,0x11,0x97,
  0x77,0x44,0x44,0x44,0x44,0x44,0x47,0x98,0x74,0x44,0x44,0x44,0x44,0x44,0x47,0x99,0x74,0x44,0x44,0x44,
  0x44,0x44,0x47,0x97,0x44,0x44,0x44,0x44,0x44,0x44,0x77,0x97,0x44,0x44,0x44,0x44,0x44,0x44,0x77,0x98,
  0x77,0x77,0x77,0x77,0x77,0x77,0x44,0x99,0x77,0x77,0x77,0x77,0x77,0x77,0x41,0x97,0x98,0x78,0x88,0x77,
  0x87,0x77,0x71,0x97,0x98,0x55,0x55,0x68,0x87,0x78,0x71,0x98,0xB8,0x66,0x66,0x66,0x97,0x88,0x81,0x98,
  0xB8,0x66,0x66,0x66,0x98,0x89,0x81,0x11,0xB8,0x66,0x66,0x66,0x99,0x99,0x81,0x11,0x98,0x66,0x66,0x66,
  0x87,0x78,0x84,0x44,0x98,0x88,0x88,0x88,0x97,0x88,0x84,0x44,0x78,0x87,0x77,0x77,0x77,0x77,0x79,0x87,
  0x88,0x97,0x77,0x77,0x77,0x77,0x79,0x87,0x89,0x97,0x77,0x77,0x77,0x77,0x79,0x98,0x89,0x97,0x77,0x77,
  0x77,0x77,0x79,0x99,0x98,0x88,0x77,0x77,0x87,0x77,0x88,0x88,0x88,0x87,0x47,0x77,0x77,0x77,0x79,0x87,
  0x89,0x97,0x77,0x77,0x77,0x77,0x79,0x88,0x99,0x97,0x77,0x77,0x77,0x77,0x79,0x99,0x78,0x87,0x77,0x77,
  0x77,0x77,0x79,0x87,0x88,0x97,0x77,0x77,0x77,0x77,0x79,0x87,0x89,0x97,0x77,0x77,0x77,0x77,0x79,0x98,
  0x88,0x87,0x77,0x77,0x77,0x77,0x89,0x89,0x11,0x11,0x11,0x11,0x11,0x11,0x11,0x11,0x11,0x11,0x11,0x11,
  0x11,0x11,0x11,0x11,0x44,0x44,0x44,0x44,0x44,0x44,0x44,0x44,0x44,0x44,0x44,0x44,0x44,0x44,0x44,0x44,
  0x77,0x11,0x11,0x11,0x11,0x11,0x14,0x77,0x87,0x11,0x11,0x11,0x11,0x11,0x17,0x77,0x98,0x44,0x44,0x44,
  0x44,0x44,0x47,0x77,0x98,0x44,0x44,0x44,0x44,0x44,0x44,0x77,0x98,0x44,0x44,0x44,0x44,0x44,0x44,0x77,
  0x78,0x74,0x44,0x44,0x44,0x44,0x44,0x47,0x88,0x74,0x44,0x44,0x44,0x44,0x44,0x47,0x97,0x47,0x77,0x77,
  0x77,0x77,0x77,0x77,0x77,0x47,0x77,0x77,0x77,0x77,0x77,0x77,0x87,0x47,0x77,0x77,0x78,0x88,0x88,0x97,
  0x97,0x48,0x77,0x78,0x66,0x66,0x56,0x87,0x97,0x48,0x87,0x88,0x66,0x66,0x66,0x87,0x11,0x79,0x98,0x88,
  0x66,0x66,0x66,0x87,0x11,0x49,0x99,0x98,0x66,0x66,0x66,0x87,0x44,0x78,0x87,0x88,0x66,0x66,0x68,0x8A,
  0x44,0x78,0x87,0x88,0x88,0x88,0x88,0x8A,0x87,0x11,0x11,0x11,0x11,0x11,0x11,0x17,0x87,0x11,0x11,0x11,
  0x11,0x11,0x11,0x89,0x87,0x11,0x11,0x11,0x11,0x11,0x17,0x77,0x87,0x11,0x11,0x11,0x11,0x11,0x17,0x88,
  0x87,0x11,0x11,0x11,0x11,0x11,0x17,0x99,0x87,0x11,0x11,0x11,0x11,0x11,0x79,0x99,0x97,0x11,0x11,0x11,
  0x11,0x11,0x7B,0xBB,0x97,0x11,0x11,0x11,0x11,0x11,0x14,0x44,0x41,0x11,0x11,0x11,0x11,0x11,0x11,0x11,
  0x11,0x11,0x11,0x11,0x11,0x11,0x11,0x11,0x11,0x11,0x11,0x11,0x11,0x11,0x11,0x11,0x11,0x11,0x11,0x11,
  0x11,0x11,0x11,0x11,0x11,0x11,0x11,0x11,0x11,0x11,0x11,0x11,0x11,0x11,0x11,0x11,0x11,0x11,0x11,0x11,
  0x71,0x11,0x11,0x11,0x11,0x11,0x11,0x11,0x71,0x11,0x11,0x11,0x11,0x11,0x11,0x11,0x98,0x9B,0xA9,0x9A,
  0x99,0x99,0xAA,0xAA,0x99,0x99,0xB8,0x89,0x74,0x44,0x44,0x44,0x88,0x89,0x9D,0x89,0x11,0x11,0x11,0x11,
  0x99,0x99,0x9B,0xA7,0x11,0x11,0x11,0x11,0x99,0x99,0x9B,0x81,0x11,0x11,0x11,0x11,0x99,0x99,0x99,0xB4,
  0x11,0x11,0x11,0x11,0xBB,0xBB,0xBB,0xB7,0x11,0x11,0x11,0x11,0x44,0x77,0x44,0x44,0x11,0x11,0x11,0x11,
  0x11,0x7A,0x41,0x11,0x11,0x17,0x88,0x88,0x18,0x88,0x94,0x17,0x99,0x91,0x11,0x11,0x18,0x88,0x99,0x81,
  0x11,0x11,0x11,0x14,0x18,0x88,0x94,0x11,0x11,0x14,0x47,0x88,0x18,0x88,0xA7,0x11,0x44,0x48,0x89,0x74,
  0x18,0x88,0xA7,0x47,0x89,0x84,0x47,0x11,0x7A,0x88,0xA8,0x79,0x74,0x41,0x8E,0x41,0x79,0x88,0xA9,0x89,
  0x11,0x19,0x88,0xE4,0x99,0x9A,0xAE,0xAE,0xEA,0xAA,0xA7,0x41,0x44,0x47,0x49,0x88,0x97,0x44,0x74,0x11,
  0x11,0x11,0x19,0x66,0x91,0x11,0x11,0x11,0x11,0x11,0x17,0x89,0x71,0x11,0x11,0x11,0x11,0x11,0x14,0x78,
  0x11,0x11,0x11,0x11,0x11,0x11,0x44,0x77,0x71,0x11,0x11,0x11,0x11,0x11,0x47,0x77,0x71,0x11,0x11,0x11,
  0x11,0x11,0x17,0x77,0x41,0x11,0x11,0x11,0x41,0x11,0x14,0x48,0x11,0x11,0x11,0x11,0x79,0x88,0x98,0x94,
  0xAE,0xE1,0x11,0x11,0x44,0x44,0x77,0x71,0x88,0x79,0x11,0x11,0x88,0x88,0x99,0x97,0xA9,0x94,0x11,0x11,
  0x47,0x77,0x79,0x88,0x97,0x41,0x11,0x17,0x47,0x77,0x79,0x88,0xA1,0x11,0x11,0x17,0x47,0x77,0x79,0x88,
  0xA1,0x11,0x11,0x17,0x47,0x77,0x79,0x88,0xA1,0x11,0x11,0x17,0x11,0x11,0x11,0x11,0x11,0xC7,0x75,0x68,
  0x11,0x11,0x11,0x11,0x11,0xF7,0x75,0x68,0x11,0x11,0x11,0x11,0x11,0xF8,0x45,0x68,0x11,0x11,0x11,0x11,
  0x11,0x49,0x75,0x68,0x11,0x11,0x11,0x11,0x11,0xB7,0x75,0x68,0x11,0x11,0x11,0x44,0x47,0xB8,0x45,0x68,
  0x11,0x11,0x14,0x77,0x77,0x79,0x75,0x68,0x11,0x11,0x17,0x77,0x77,0x7B,0x78,0x69,0x11,0x11,0x17,0x77,
  0x77,0x79,0x75,0x68,0x11,0x11,0x17,0x77,0x77,0xB7,0x75,0x68,0x11,0x11,0x14,0x77,0x77,0xB7,0x75,0x68,
  0x77,0x77,0x41,0x11,0x14,0x98,0x45,0x68,0x77,0x77,0x77,0x11,0x11,0x1B,0x75,0x68,0x77,0x77,0x77,0x11,
  0x17,0x7B,0x75,0x68,0x77,0x77,0x77,0x11,0x77,0x79,0x76,0x68,0x77,0x77,0x77,0x11,0x77,0xB7,0x78,0x69,
  0x9E,0xAA,0xCC,0xCC,0xCC,0xCC,0xCC,0xCC,0x9E,0xAE,0xCC,0xCC,0xCC,0xCC,0xCC,0xCC,0x9E,0xAE,0xCC,0xCC,
  0xCC,0xCC,0xCC,0xCC,0x9E,0xAE,0xCC,0xCC,0xCC,0xCC,0xCC,0xCC,0x9E,0xAE,0xCC,0xCC,0xCC,0xCC,0xCC,0xCC,
  0x9E,0xAE,0xCC,0xCC,0xCC,0xCC,0xCC,0xCC,0x9A,0xAE,0xCC,0xCC,0xCC,0xCC,0xCC,0xCC,0x9A,0xAA,0xCC,0xCC,
  0xCC,0xCC,0xCC,0xCC,0x9E,0xCA,0xCC,0xCC,0xCC,0xCC,0xCC,0xCC,0x9E,0xCA,0xCC,0xCC,0xCC,0xCC,0xCC,0xCC,
  0x9E,0xCE,0xCC,0xCC,0xCC,0xCC,0xCC,0xCC,0xAA,0xCE,0xCC,0xCC,0xCC,0xCC,0xCC,0xCC,0x9E,0xCE,0xCC,0xCC,
  0xCC,0xCC,0xCC,0xCC,0x9A,0xCE,0xCC,0xCC,0xCC,0xCC,0xCC,0xCC,0x9A,0xAA,0xCC,0xCC,0xDD,0xCC,0xDD,0xCC,
  0x9E,0xEA,0xCC,0xCC,0xBC,0xDD,0xCC,0xCC,0xCC,0xCC,0xCC,0xCC,0xCC,0xCC,0xCC,0xCC,0xCC,0xCC,0xCC,0xCC,
  0xCC,0xCC,0xCC,0xCC,0xCC,0xCC,0xCC,0xCC,0xCC,0xCC,0xCC,0xCC,0xCC,0xCC,0xCC,0xCC,0xCC,0xCC,0xCC,0xCC,
  0xCC,0xCC,0xCC,0xCC,0xCC,0xCC,0xCC,0xCC,0xCC,0xCC,0xCC,0xCC,0xCC,0xCC,0xCC,0xCC,0xCC,0xCC,0xCC,0xCC,
  0xCC,0xCC,0xCC,0xCC,0xCC,0xCC,0xCC,0xCC,0xCC,0xCC,0xCC,0xCC,0xCC,0xCC,0xCC,0xCC,0xCC,0xCC,0xCC,0xCC,
  0xCC,0xCC,0xCC,0xCC,0xCC,0xCC,0xCC,0xCC,0xCC,0xCC,0xCC,0xCC,0xCC,0xCC,0xCC,0xCC,0xCC,0xCC,0xCC,0xCC,
  0xCB,0xBC,0xDD,0xDD,0xCC,0xCC,0xCC,0xCC,0xBB,0x9B,0xAE,0xAA,0xCC,0xCC,0xCC,0xCC,0xC9,0x9B,0xEA,0xAA,
  0xCC,0xCC,0xDD,0xCC,0xD9,0x99,0xB9,0x9C,0xCC,0xDD,0xCC,0xCC,0xE9,0x99,0x99,0x9B,0xCC,0xCC,0xCC,0xCC,
  0xCC,0xCC,0xCC,0xCC,0xCC,0xCC,0xCC,0xCC,0xCC,0xCC,0xCC,0xCC,0xCC,0xCC,0xCC,0xCC,0xCC,0xCC,0xCC,0xCC,
  0xCC,0xCC,0xCC,0xCC,0xCC,0xCC,0xCC,0xCC,0xCC,0xCC,0xCC,0xCC,0xCC,0xCC,0xCC,0xCC,0xCC,0xCC,0xCC,0xCC,
  0xCC,0xCC,0xCC,0xCC,0xCC,0xCC,0xCC,0xCC,0xCC,0xCC,0xCC,0xCC,0xCC,0xCC,0xCC,0xCC,0xCC,0xCC,0xCC,0xCC,
  0xCC,0xCC,0xCC,0xCC,0xCC,0xCC,0xCC,0xCC,0xCC,0xCC,0xCC,0xCC,0xCC,0xCC,0xCC,0xCC,0xCC,0xCC,0xCC,0xDD,
  0xCC,0xCC,0xCC,0xCC,0xDD,0xDD,0xDD,0xBB,0xCC,0xCC,0xCC,0xCC,0xAA,0xAA,0xEE,0xBB,0xCC,0xCC,0xCC,0xCC,
  0xAA,0xAA,0xDC,0x9B,0xCC,0xCC,0xCC,0xCC,0xCC,0xBB,0x99,0x9D,0xDC,0xCC,0xCC,0xCC,0xBB,0x99,0x99,0x9A,
  0xDD,0xDD,0xCC,0xCC,0xCC,0xCC,0xCC,0xCC,0xCC,0xCD,0xAA,0xEE,0xCC,0xCC,0xCC,0xCC,0xCC,0xCD,0xAA,0xAA,
  0xCC,0xCC,0xCC,0xCC,0xCC,0xCD,0xAA,0xAC,0xCC,0xCC,0xCC,0xCC,0xCC,0xCD,0xAA,0xEB,0xCC,0xCC,0xCC,0xCC,
  0xCC,0xCD,0xEA,0xAB,0xCC,0xCC,0xCC,0xCC,0xCC,0xCD,0xEA,0xAB,0xCC,0xCC,0xCC,0xCC,0xCC,0xCD,0xAA,0xA9,
  0xCC,0xCC,0xCC,0xCC,0xCC,0xCD,0xAA,0xA9,0xCC,0xCC,0xCC,0xCC,0xCC,0xCD,0xEC,0xA9,0xCC,0xCC,0xCC,0xCC,
  0xCC,0xCD,0xAA,0xAB,0xCC,0xCC,0xCC,0xCC,0xCC,0xCD,0xEA,0xAB,0xCC,0xCC,0xCC,0xCC,0xCC,0xCD,0xEA,0xAA,
  0xCC,0xCC,0xCC,0xCC,0xCC,0xCD,0xEA,0xA9,0xCC,0xCC,0xCC,0xCC,0xCC,0xCD,0xEA,0xA9,0xCC,0xCC,0xCC,0xCC,
  0xCC,0xCD,0xAA,0xAB,0xCC,0xCC,0xCC,0xCC,0xCC,0xCD,0xAA,0xAB,0xEB,0x99,0x9D,0xCB,0xBB,0xBB,0x9A,0xA9,
  0xCD,0xCB,0xBC,0xBB,0xBB,0xBB,0xBD,0xDB,0x99,0x99,0x99,0x99,0x99,0x99,0x99,0x99,0x98,0x88,0x88,0x88,
  0x88,0x88,0x88,0x88,0x86,0x55,0x56,0x66,0x66,0x66,0x66,0x66,0x86,0x66,0x66,0x65,0x55,0x55,0x56,0x53,
  0x86,0x66,0x84,0x11,0x11,0x11,0x11,0x11,0x98,0x67,0x94,0x11,0x11,0x11,0x11,0x11,0x86,0x65,0x94,0x11,
  0x11,0x11,0x11,0x11,0x86,0x65,0x84,0x11,0x11,0x11,0x11,0x11,0x86,0x65,0x79,0x71,0x11,0x11,0x11,0x11,
  0x86,0x65,0x7B,0x71,0x11,0x11,0x11,0x11,0x86,0x65,0x8B,0x71,0x11,0x11,0x11,0x11,0x86,0x67,0x89,0x84,
  0x11,0x11,0x11,0x11,0x96,0x67,0x98,0x71,0x11,0x11,0x11,0x11,0x97,0x67,0x89,0x41,0x11,0x11,0x11,0x11,
  0x99,0x99,0xBA,0xAA,0x99,0x99,0x99,0x99,0xBB,0xBB,0xCC,0xDE,0x89,0x99,0x99,0x99,0x99,0x99,0x99,0x9A,
  0x99,0x98,0x89,0x99,0x88,0x88,0x88,0x89,0x99,0x88,0x89,0x99,0x66,0x66,0x56,0x59,0x89,0x88,0x88,0x99,
  0x55,0x55,0x56,0x58,0x88,0x88,0x88,0x98,0x11,0x11,0x11,0x19,0x88,0x88,0x88,0x88,0x11,0x11,0x11,0x18,
  0x88,0x78,0x88,0x88,0x11,0x11,0x11,0x18,0x88,0x68,0x88,0x88,0x11,0x11,0x11,0x18,0x88,0x88,0x88,0x88,
  0x11,0x11,0x11,0x18,0x88,0x88,0x88,0x88,0x11,0x11,0x11,0x18,0x88,0x68,0x88,0x88,0x11,0x11,0x11,0x18,
  0x88,0x68,0x66,0x88,0x11,0x11,0x11,0x18,0x88,0x68,0x66,0x88,0x11,0x11,0x11,0x18,0x88,0x68,0x66,0x88,
  0x11,0x11,0x11,0x18,0x88,0x68,0x66,0x68,0x99,0x99,0x88,0xDB,0x99,0x99,0xBF,0xBB,0x99,0x99,0x88,0xEA,
  0xBC,0xBB,0xBC,0xBC,0x98,0x89,0x88,0xE9,0x99,0x99,0x99,0x99,0x88,0x88,0x88,0xE8,0x88,0x88,0x88,0x88,
  0x88,0x88,0x88,0xE5,0x56,0x66,0x66,0x56,0x88,0x88,0x88,0xE5,0x55,0x55,0x56,0x55,0x88,0x88,0x88,0xE4,
  0x11,0x11,0x11,0x11,0x88,0x88,0x86,0xE1,0x11,0x11,0x11,0x11,0x86,0x88,0x86,0xE1,0x11,0x11,0x11,0x11,
  0x86,0x88,0x86,0xE1,0x11,0x11,0x11,0x11,0x86,0x88,0x66,0xE1,0x11,0x49,0x11,0x11,0x88,0x88,0x66,0xE1,
  0x14,0x89,0x44,0x44,0x86,0x88,0x66,0xE4,0x49,0x48,0x77,0x77,0x86,0x86,0x66,0xA9,0x98,0x17,0x44,0x44,
  0x66,0x66,0x66,0xE9,0x99,0x17,0x77,0x77,0x66,0x66,0x66,0xA8,0xA9,0x47,0x77,0x77,0xBB,0xBB,0xBB,0x99,
  0x99,0x9B,0xAA,0xA9,0xCC,0xCC,0xCD,0xCC,0xBF,0xBB,0xAD,0xB9,0x99,0x99,0x99,0x99,0x99,0x99,0x99,0x98,
  0x88,0x88,0x88,0x88,0x88,0x88,0x88,0x88,0x66,0x66,0x66,0x55,0x66,0x66,0x66,0x65,0x55,0x55,0x56,0x55,
  0x55,0x55,0x56,0x55,0x11,0x11,0x11,0x11,0x11,0x11,0x11,0x11,0x11,0x11,0x11,0x11,0x11,0x11,0x11,0x11,
  0x11,0x11,0x11,0x11,0x11,0x11,0x11,0x11,0x11,0x11,0x11,0x11,0x11,0x11,0x11,0x11,0x11,0x14,0x71,0x11,
  0x11,0x11,0x11,0x11,0x44,0x47,0x17,0x44,0x41,0x11,0x11,0x11,0x77,0x74,0x11,0x77,0x77,0x41,0x11,0x11,
  0x44,0x47,0x44,0x44,0x14,0x77,0x11,0x11,0x74,0x77,0x77,0x47,0x44,0x44,0x74,0x44,0x77,0x74,0x41,0x74,
  0x44,0x77,0x44,0x45,0x76,0x57,0x89,0x74,0x11,0x47,0x77,0x71,0x76,0x57,0x89,0x77,0x11,0x14,0x11,0x11,
  0x76,0x57,0x98,0x78,0x87,0x77,0x41,0x11,0x76,0x68,0x97,0x77,0x74,0x77,0x74,0x11,0x66,0x68,0x97,0x78,
  0x77,0x77,0x99,0xAA,0x55,0x68,0x98,0x88,0x88,0x99,0x87,0x86,0x14,0x79,0xB9,0x88,0x89,0x86,0x88,0x88,
  0x17,0x78,0x99,0x77,0x78,0x88,0x88,0x68,0x17,0x89,0x99,0x78,0x98,0x88,0x88,0x68,0x14,0x89,0x97,0x78,
  0x98,0x86,0x88,0x68,0x11,0x79,0x97,0x78,0x98,0x86,0x88,0x68,0x14,0x78,0x98,0x89,0x98,0x88,0x88,0x68,
  0x14,0x77,0x9B,0x99,0x88,0x88,0x88,0x68,0x14,0x78,0x99,0x97,0x78,0x88,0x88,0x88,0x11,0x78,0xC8,0x88,
  0x78,0x88,0x88,0x88,0x41,0x78,0x88,0x99,0x77,0x88,0x88,0x88,0x11,0x11,0x47,0x86,0x88,0x94,0x77,0x44,
  0x11,0x11,0x11,0x79,0x87,0x78,0x47,0x41,0x11,0x11,0x11,0x14,0x41,0x14,0x74,0x74,0x11,0x11,0x11,0x11,
  0x11,0x11,0x17,0x84,0x71,0x14,0x77,0x77,0x74,0x11,0x11,0x11,0x89,0x87,0x77,0x77,0x77,0x41,0x11,0x11,
  0x86,0x88,0x77,0x77,0x77,0x41,0x11,0x11,0x98,0x88,0x98,0x77,0x78,0x87,0x77,0x77,0x88,0x88,0x89,0x88,
  0x87,0x87,0x77,0x77,0x86,0x88,0x88,0x77,0x77,0x77,0x77,0x77,0x86,0x88,0x98,0x77,0x77,0x78,0x87,0x77,
  0x88,0x88,0x88,0x77,0x77,0x78,0x88,0x88,0x88,0x88,0x89,0x77,0x77,0x78,0x77,0x77,0x88,0x88,0x89,0x97,
  0x77,0x78,0x77,0x77,0x88,0x88,0x79,0x97,0x77,0x79,0x77,0x77,0x88,0x87,0x79,0x98,0x89,0x99,0x98,0x88,
  0x44,0x44,0x44,0x87,0x68,0x74,0x41,0x11,0x11,0x11,0x47,0x79,0x97,0x11,0x11,0x11,0x11,0x14,0x77,0x77,
  0x87,0x11,0x11,0x11,0x11,0x14,0x77,0x77,0x77,0x41,0x11,0x11,0x11,0x14,0x77,0x77,0x77,0x11,0x11,0x11,
  0x11,0x11,0x77,0x77,0x74,0x11,0x11,0x11,0x11,0x11,0x11,0x11,0x11,0x11,0x11,0x11,0x77,0x41,0x11,0x11,
  0x11,0x78,0x77,0x77,0x77,0x78,0x77,0x77,0x77,0x87,0x77,0x77,0x77,0x78,0x77,0x77,0x77,0x87,0x77,0x77,
  0x77,0x88,0x77,0x77,0x77,0x88,0x77,0x77,0x88,0x77,0x77,0x77,0x78,0x77,0x78,0x88,0x77,0x77,0x77,0x88,
  0x87,0x77,0x77,0x77,0x77,0x77,0x77,0x88,0x77,0x77,0x9B,0x87,0x77,0x77,0x77,0x99,0x77,0x79,0x98,0xB8,
  0x88,0x88,0x99,0x99,0x99,0xB9,0x99,0x9F,0x11,0x11,0x47,0x77,0x77,0x77,0x11,0x1F,0x11,0x11,0x47,0x77,
  0x77,0x77,0x11,0x1F,0x11,0x11,0x47,0x77,0x77,0x77,0x11,0x1F,0x11,0x11,0x17,0x77,0x77,0x71,0x11,0x1F,
  0x11,0x11,0x11,0x11,0x11,0x11,0x11,0x1F,0x11,0x11,0x11,0x11,0x11,0x11,0x11,0x4C,0x11,0x11,0x47,0x77,
  0x77,0x71,0x11,0xB9,0x77,0x87,0x77,0x77,0x77,0x77,0x11,0xF9,0x77,0x87,0x77,0x77,0x77,0x77,0x87,0xF9,
  0x77,0x87,0x77,0x77,0x77,0x77,0x87,0xF9,0x78,0x87,0x77,0x77,0x77,0x77,0x88,0xF9,0x77,0x99,0x88,0x88,
  0x87,0x89,0x77,0xF8,0x77,0x99,0x98,0x77,0x99,0x87,0x77,0xF9,0x7B,0x87,0xB7,0x77,0xB9,0x87,0x77,0xF8,
  0x98,0x87,0x7B,0x89,0x8B,0x97,0x7F,0x99,0x99,0x87,0x89,0x98,0x99,0xBF,0x9F,0x99,0x99,0x88,0x88,0x88,
  0x98,0x89,0x84,0x44,0x98,0x55,0x56,0x68,0x99,0x99,0x84,0x44,0x98,0x66,0x66,0x66,0x87,0x78,0x84,0x44,
  0x98,0x66,0x66,0x66,0x97,0x88,0x97,0x44,0x98,0x66,0x66,0x66,0x98,0x89,0x97,0x77,0x98,0x66,0x66,0x66,
  0x99,0x99,0x97,0x77,0x98,0x88,0x88,0x88,0x99,0x88,0x87,0x77,0x99,0x88,0x87,0x74,0x47,0x77,0x77,0x97,
  0x98,0x68,0x77,0x74,0x44,0x77,0x77,0x97,0x98,0x66,0x77,0x44,0x74,0x77,0x77,0x98,0x98,0x66,0x74,0x44,
  0x44,0x77,0x44,0x79,0x98,0x66,0x77,0x74,0x44,0x47,0x44,0x44,0x98,0x66,0x74,0x44,0x44,0x44,0x41,0x11,
  0x98,0x88,0x77,0x44,0x44,0x47,0x41,0x11,0x99,0x88,0x87,0x77,0x77,0x77,0x77,0x77,0x98,0x68,0x87,0x77,
  0x77,0x77,0x77,0x77,0x44,0x44,0x44,0x44,0x44,0x44,0x44,0x44,0x44,0x44,0x44,0x44,0x44,0x44,0x44,0x44,
  0x44,0x44,0x44,0x44,0x44,0x44,0x44,0x44,0x44,0x44,0x44,0x44,0x44,0x44,0x44,0x44,0x77,0x77,0x77,0x77,
  0x77,0x77,0x77,0x77,0x77,0x77,0x77,0x77,0x77,0x77,0x77,0x77,0x77,0x77,0x77,0x77,0x77,0x77,0x77,0x77,
  0x77,0x89,0x77,0x78,0x87,0x77,0x88,0x77,0x88,0x99,0x78,0x88,0x97,0x88,0x99,0x78,0x88,0x99,0x88,0x89,
  0x98,0x88,0x99,0x88,0x99,0x99,0x98,0x88,0x88,0x99,0x99,0x99,0x44,0x47,0x44,0x44,0x44,0x47,0x44,0x44,
  0x11,0x44,0x11,0x11,0x11,0x44,0x11,0x11,0x11,0x44,0x11,0x11,0x11,0x44,0x11,0x11,0x77,0x77,0x77,0x77,
  0x77,0x77,0x77,0x77,0x77,0x77,0x77,0x77,0x77,0x77,0x77,0x77,0x44,0x79,0x98,0x99,0x88,0x88,0x88,0x99,
  0x44,0x79,0x99,0x98,0x66,0x56,0x56,0x8A,0x44,0x78,0x77,0x88,0x66,0x66,0x66,0x8A,0x44,0x79,0x87,0x88,
  0x66,0x66,0x66,0x8A,0x77,0x89,0x98,0x98,0x66,0x66,0x66,0x8A,0x77,0x89,0x99,0x98,0x66,0x66,0x68,0x8D,
  0x77,0x78,0x89,0x98,0x88,0x88,0x88,0x89,0x99,0x77,0x77,0x47,0x47,0x88,0x88,0x99,0x99,0x77,0x44,0x44,
  0x47,0x77,0x66,0x89,0x98,0x77,0x44,0x44,0x47,0x77,0x66,0x89,0x77,0x77,0x47,0x44,0x47,0x77,0x66,0x89,
  0x44,0x47,0x44,0x44,0x47,0x77,0x66,0x89,0x11,0x44,0x44,0x44,0x44,0x77,0x66,0x89,0x11,0x44,0x44,0x44,
  0x44,0x78,0x88,0x89,0x77,0x77,0x77,0x77,0x77,0x78,0x88,0x99,0x77,0x77,0x77,0x77,0x77,0x78,0x68,0x89,
  0x71,0x11,0x11,0x11,0x11,0x11,0x11,0x17,0x71,0x11,0x47,0x77,0x74,0x11,0x11,0x17,0x71,0x14,0x77,0x77,
  0x77,0x41,0x11,0x17,0x71,0x14,0x77,0x77,0x77,0x41,0x11,0x77,0x71,0x14,0x77,0x77,0x77,0x41,0x11,0x78,
  0x71,0x11,0x47,0x77,0x74,0x11,0x11,0x78,0xB7,0x11,0x11,0x11,0x11,0x11,0x11,0x77,0xB7,0x11,0x11,0x11,
  0x11,0x47,0x77,0x77,0x99,0x71,0x47,0x77,0x87,0x77,0x77,0x77,0xB9,0x77,0x77,0x77,0x87,0x77,0x77,0x77,
  0xB9,0x87,0x77,0x77,0x88,0x87,0x77,0x78,0xB9,0x77,0x77,0x77,0x88,0x89,0x88,0x88,0xB9,0x77,0x87,0x77,
  0x77,0x78,0x87,0x77,0x99,0x77,0x89,0x87,0x77,0x77,0x87,0x77,0x9B,0x97,0x88,0x77,0x77,0x77,0x87,0x79,
  0x9B,0x99,0xBB,0x98,0x88,0x99,0x99,0x98,0x48,0x88,0xE8,0x68,0x11,0x19,0x88,0xA4,0x48,0x88,0xA9,0x97,
  0x11,0x19,0x88,0xE4,0x79,0x88,0xE7,0x41,0x47,0x7A,0x88,0xE4,0x79,0x88,0xA4,0x14,0x47,0x79,0x88,0xE4,
  0x79,0x88,0xA4,0x14,0x77,0x7A,0x88,0xE4,0x48,0x88,0xA4,0x14,0x77,0x7A,0x88,0xE4,0x18,0x88,0xA4,0x11,
  0x77,0x7A,0x88,0xE4,0x48,0x88,0xA8,0x41,0x44,0x49,0x88,0xE7,0x79,0x88,0xE8,0x78,0x87,0x7A,0x88,0xE7,
  0x79,0x88,0xE9,0x79,0x9A,0xAE,0x88,0xE8,0x8A,0x88,0xAA,0x98,0x88,0x69,0x88,0xEE,0x79,0x99,0x98,0x66,
  0x88,0x8A,0x88,0xE9,0x79,0x98,0x88,0x86,0x66,0x69,0x88,0xA9,0x99,0x88,0x86,0x68,0x88,0x9E,0x88,0xE8,
  0x88,0x86,0x66,0x88,0x88,0x9E,0x88,0xE8,0x86,0x66,0x88,0x88,0x88,0x8A,0x88,0xA8,0x17,0x77,0x79,0x66,
  0x91,0x11,0x11,0x14,0x11,0x11,0x14,0x89,0x41,0x11,0x12,0x99,0x11,0x11,0x11,0x44,0x11,0x11,0x1A,0x68,
  0x11,0x11,0x11,0x11,0x11,0x11,0x1A,0x69,0x11,0x11,0x11,0x11,0x11,0x11,0x19,0x69,0x11,0x11,0x14,0x77,
  0x77,0x77,0x1A,0x69,0x11,0x11,0x47,0x79,0xA7,0x77,0x7A,0x69,0x77,0x88,0x79,0xA8,0x89,0x77,0x7A,0x69,
  0x77,0x89,0xA8,0x8A,0xA8,0x78,0x9E,0x68,0x79,0xE8,0x89,0x98,0x88,0x99,0x8E,0x66,0xE8,0x89,0x97,0x77,
  0x77,0x99,0x9E,0x88,0x99,0x97,0x77,0x77,0x79,0x66,0x6E,0x9E,0xA8,0x87,0x77,0x77,0x7A,0x68,0x8E,0x9E,
  0x98,0x87,0x77,0x77,0x7A,0x68,0x6A,0x9E,0x89,0x97,0x77,0x77,0x7A,0x68,0x6E,0x99,0x68,0x99,0x88,0x88,
  0x8A,0x68,0x68,0x99,0x77,0x77,0x74,0x11,0x87,0xC7,0x75,0x68,0xAA,0x9A,0xA9,0xA8,0x88,0xB7,0x45,0x68,
  0x88,0x88,0x88,0x8E,0x88,0x98,0x75,0x68,0x89,0x99,0x98,0x8E,0x84,0x79,0x75,0x68,0x68,0x86,0x88,0x8E,
  0x74,0x7B,0x75,0x65,0x68,0x86,0x88,0x8E,0x77,0x79,0x75,0x55,0x68,0x86,0x88,0x8E,0x87,0x79,0x44,0x41,
  0x68,0x88,0x88,0x8E,0x89,0xB7,0x77,0x71,0x88,0x88,0x88,0x8E,0x78,0xB7,0x77,0x71,0x86,0x88,0x88,0x8A,
  0x77,0xB8,0x87,0x71,0x88,0x88,0x88,0x8E,0x97,0x8F,0x98,0x41,0xAA,0xA9,0x99,0x8A,0x6E,0x8F,0x94,0x11,
  0x88,0x98,0x89,0x9A,0x6E,0x89,0x74,0x11,0x89,0x98,0x8A,0x9A,0x6E,0xE8,0x74,0x11,0x99,0x99,0x99,0x9A,
  0x6E,0xA8,0x44,0x11,0x99,0x99,0xA9,0x99,0x6E,0x97,0x74,0x11,0x9A,0xBC,0x99,0x99,0xBB,0xBA,0xBB,0xBB,
  0x9D,0xBB,0xBB,0xBB,0xBB,0xBD,0xCC,0xCC,0x99,0x99,0x99,0x99,0x99,0x99,0x99,0x99,0x88,0x88,0x88,0x88,
  0x88,0x88,0x88,0x88,0x66,0x66,0x66,0x66,0x65,0x66,0x66,0x66,0x55,0x56,0x55,0x55,0x55,0x56,0x55,0x55,
  0x11,0x11,0x11,0x11,0x11,0x11,0x11,0x11,0x11,0x11,0x11,0x11,0x11,0x11,0x11,0x11,0x11,0x11,0x11,0x11,
  0x11,0x11,0x11,0x11,0x11,0x11,0x11,0x11,0x11,0x11,0x11,0x11,0x11,0x11,0x11,0x11,0x11,0x11,0x11,0x11,
  0x11,0x11,0x11,0x14,0x88,0x88,0x88,0x88,0x14,0x44,0x11,0x18,0x44,0x47,0x44,0x77,0x44,0x77,0x41,0x18,
  0x48,0x68,0x67,0x78,0x47,0x77,0x41,0x18,0x46,0x68,0x64,0x88,0x14,0x43,0x11,0x17,0x46,0x68,0x67,0x88,
  0xBB,0xBD,0xBB,0x99,0xB9,0x89,0x99,0x99,0xBB,0xCC,0xBB,0xBB,0xC9,0x89,0x99,0x99,0x99,0x99,0x99,0x99,
  0x98,0x88,0x88,0x89,0x88,0x88,0x88,0x88,0x88,0x88,0x88,0x89,0x66,0x66,0x66,0x55,0x88,0x88,0x88,0x89,
  0x55,0x66,0x55,0x55,0x88,0x88,0x88,0x88,0x11,0x11,0x11,0x11,0x78,0x88,0x88,0x88,0x11,0x11,0x11,0x11,
  0x78,0x68,0x88,0x88,0x11,0x11,0x11,0x11,0x78,0x68,0x86,0x68,0x11,0x11,0x11,0x11,0x78,0x68,0x86,0x68,
  0x41,0x41,0x11,0x11,0x78,0x66,0x86,0x68,0x88,0x87,0x11,0x11,0x78,0x66,0x88,0x88,0x77,0x78,0x71,0x11,
  0x78,0x66,0x86,0x68,0x88,0x88,0x71,0x11,0x78,0x66,0x66,0x68,0x68,0x88,0x71,0x11,0x78,0x66,0x66,0x66,
  0x88,0x88,0x71,0x11,0x78,0x66,0x66,0x66,0x99,0x99,0x99,0x9B,0xD9,0xAC,0xBB,0xBB,0x99,0x99,0x99,0x89,
  0xBB,0xBB,0xBB,0xBB,0x99,0x98,0x89,0x89,0x99,0x99,0x99,0x99,0x99,0x88,0x89,0x89,0x88,0x88,0x88,0x88,
  0x99,0x88,0x89,0x89,0x86,0x66,0x66,0x66,0x98,0x88,0x88,0x89,0x83,0x66,0x55,0x55,0x88,0x88,0x88,0x89,
  0x71,0x11,0x11,0x11,0x88,0x88,0x68,0x89,0x51,0x11,0x11,0x11,0x88,0x88,0x88,0x89,0x41,0x11,0x11,0x11,
  0x88,0x88,0x88,0x89,0x71,0x11,0x11,0x11,0x88,0x88,0x88,0x89,0x71,0x11,0x11,0x11,0x88,0x88,0x66,0x89,
  0x71,0x11,0x11,0x11,0x88,0x66,0x66,0x89,0x71,0x11,0x11,0x11,0x86,0x68,0x66,0x89,0x71,0x11,0x11,0x11,
  0x86,0x66,0x66,0x89,0x71,0x11,0x11,0x11,0x66,0x66,0x66,0x89,0x71,0x11,0x11,0x11,0x99,0xBB,0x99,0x99,
  0x99,0xCB,0x9B,0xCE,0xBB,0xCC,0xBB,0xBB,0xBB,0xBB,0xBC,0xDB,0x99,0x99,0x99,0x99,0x99,0x99,0x99,0x9C,
  0x88,0x88,0x88,0x88,0x88,0x88,0x88,0x99,0x55,0x66,0x66,0x66,0x66,0x66,0x65,0x89,0x55,0x65,0x55,0x55,
  0x55,0x86,0x66,0x89,0x11,0x11,0x11,0x11,0x11,0x88,0x66,0x89,0x11,0x11,0x11,0x11,0x11,0x98,0x76,0x89,
  0x11,0x11,0x11,0x11,0x14,0x97,0x56,0x89,0x11,0x11,0x11,0x11,0x18,0x87,0x56,0x89,0x11,0x11,0x11,0x11,
  0x19,0x87,0x56,0x89,0x11,0x11,0x11,0x11,0x17,0x97,0x56,0x89,0x11,0x11,0x11,0x11,0x11,0x97,0x56,0x89,
  0x11,0x11,0x11,0x11,0x11,0x97,0x56,0x89,0x11,0x11,0x11,0x11,0x14,0x97,0x66,0x89,0x11,0x11,0x11,0x11,
  0x19,0x87,0x76,0x89,0xEE,0xAA,0xCC,0xCC,0xCC,0xCC,0xCC,0xCC,0xAE,0xAA,0xCC,0xCC,0xCC,0xCC,0xCC,0xCC,
  0xCA,0xAA,0xCC,0xCC,0xCC,0xCC,0xCC,0xCC,0xAA,0xAA,0xCC,0xCC,0xCC,0xCC,0xCC,0xCC,0xD9,0xBC,0xCC,0xCC,
  0xCC,0xCC,0xCC,0xCC,0xD9,0xBC,0xCC,0xCC,0xCC,0xCC,0xCC,0xCC,0xDB,0xCD,0xCC,0xCC,0xCC,0xCC,0xCC,0xCC,
  0xCB,0xDC,0xCC,0xCC,0xCC,0xCC,0xCC,0xCC,0xCB,0xCB,0xCC,0xCC,0xCC,0xCC,0xCC,0xCC,0xD9,0xBC,0xCC,0xCC,
  0xCC,0xCC,0xCC,0xCC,0xD9,0xBC,0xCC,0xCC,0xCC,0xCC,0xCC,0xCC,0xD9,0xBC,0xCC,0xCC,0xCC,0xCC,0xCC,0xCC,
  0xD9,0xCE,0xCC,0xCC,0xCC,0xCC,0xCC,0xCC,0xD9,0xCE,0xCC,0xCC,0xCC,0xCC,0xCC,0xCC,0xDB,0xCA,0xCC,0xCC,
  0xCC,0xCC,0xCC,0xCC,0xAB,0xCA,0xCC,0xCC,0xCC,0xCC,0xCC,0xCC,0xCC,0xCC,0xCC,0xCC,0xCC,0xCD,0xEC,0xAB,
  0xCC,0xCC,0xCC,0xCC,0xCC,0xCD,0xEC,0xAB,0xCC,0xCC,0xCC,0xCC,0xCC,0xCD,0xEC,0xAB,0xCC,0xCC,0xCC,0xCC,
  0xCC,0xCD,0xEC,0xAB,0xCC,0xCC,0xCC,0xCC,0xCC,0xCD,0xEC,0xAB,0xCC,0xCC,0xCC,0xCC,0xCC,0xCD,0xEC,0xAB,
  0xCC,0xCC,0xCC,0xCC,0xCC,0xCD,0xEA,0xA9,0xCC,0xCC,0xCC,0xCC,0xCC,0xCD,0xAA,0xA9,0xCC,0xCC,0xCC,0xCC,
  0xCC,0xCD,0xEC,0xAB,0xCC,0xCC,0xCC,0xCC,0xCC,0xCD,0xEC,0xAB,0xCC,0xCC,0xCC,0xCC,0xCC,0xCD,0xEC,0xAC,
  0xCC,0xCC,0xCC,0xCC,0xCC,0xCD,0xEC,0xAA,0xCC,0xCC,0xCC,0xCC,0xCC,0xCD,0xEC,0xAB,0xCC,0xCC,0xCC,0xCC,
  0xCC,0xCD,0xEC,0xAB,0xCC,0xCC,0xCC,0xCC,0xCC,0xCD,0xAA,0xA9,0xCC,0xCC,0xCC,0xCC,0xCC,0xCD,0xAA,0xA9,
  0x86,0x65,0x79,0x71,0x11,0x11,0x11,0x11,0x86,0x65,0x79,0x71,0x14,0x44,0x44,0x44,0x86,0x67,0x88,0x41,
  0x48,0x99,0x99,0x99,0x86,0x67,0x97,0x11,0x89,0x88,0x88,0x88,0x86,0x65,0x79,0x41,0x89,0x88,0x88,0x88,
  0x86,0x67,0x88,0x41,0x89,0x88,0x88,0x88,0x96,0x67,0x94,0x11,0x89,0x88,0x66,0x66,0x97,0x67,0x97,0x77,
  0x99,0x88,0x88,0x88,0x86,0x65,0x97,0x77,0x99,0x89,0x98,0x89,0x86,0x65,0x88,0x77,0x99,0x9A,0x97,0x89,
  0x96,0x65,0x79,0x87,0x99,0x99,0x85,0x79,0x96,0x65,0x79,0x87,0x99,0x99,0x77,0x78,0x86,0x67,0x8C,0x84,
  0x99,0x99,0x94,0x77,0x86,0x67,0x98,0x41,0x89,0x99,0x84,0x77,0x96,0x67,0x97,0x11,0x89,0x99,0x77,0x79,
  0x97,0x67,0x78,0x74,0x99,0x99,0x77,0x88,0x11,0x11,0x11,0x18,0x88,0x66,0x66,0x68,0x44,0x44,0x44,0x49,
  0x88,0x66,0x66,0x68,0x99,0x99,0x99,0x9A,0x88,0x66,0x66,0x66,0x88,0x88,0x88,0x89,0x88,0x66,0x66,0x66,
  0x88,0x88,0x88,0x89,0x88,0x66,0x66,0x66,0x88,0x88,0x88,0x89,0x88,0x66,0x66,0x66,0x66,0x66,0x66,0x69,
  0x88,0x66,0x66,0x66,0x88,0x88,0x88,0x89,0x86,0x66,0x66,0x66,0x99,0x99,0x99,0x9E,0x86,0x66,0x66,0x66,
  0x99,0x99,0x98,0x9E,0x86,0x66,0x66,0x66,0x99,0x99,0x77,0x9A,0x86,0x66,0x66,0x66,0x78,0x99,0x77,0x9A,
  0x86,0x66,0x66,0x66,0x56,0x99,0x77,0x9A,0x86,0x66,0x66,0x66,0x77,0x99,0x77,0x9B,0x86,0x66,0x66,0x66,
  0x47,0x99,0xD8,0x9E,0x86,0x66,0x66,0x66,0x58,0x99,0x97,0x78,0x88,0x66,0x66,0x66,0x66,0x66,0x66,0xE4,
  0xE8,0x79,0x88,0x88,0x66,0x66,0x66,0xE1,0x98,0x99,0x44,0x44,0x86,0x66,0x66,0xE1,0x88,0x88,0x11,0x11,
  0x86,0x66,0x66,0xE1,0x48,0x87,0x11,0x11,0x86,0x66,0x66,0xE1,0x14,0x44,0x44,0x11,0x66,0x66,0x62,0xA1,
  0x11,0x19,0x77,0x44,0x66,0x66,0x62,0xE1,0x11,0x19,0x17,0x77,0x66,0x66,0x62,0xE1,0x11,0x19,0x19,0x44,
  0x66,0x66,0x62,0xE1,0x11,0x18,0x17,0x97,0x65,0x66,0x62,0xE1,0x11,0x18,0x47,0x77,0x66,0x66,0x62,0xE1,
  0x11,0x18,0x47,0x77,0x66,0x66,0x62,0xE1,0x11,0x18,0x17,0x77,0x66,0x66,0x62,0xE1,0x11,0x19,0x47,0x77,
  0x66,0x66,0x62,0xE4,0x44,0x19,0x47,0x77,0x66,0x66,0x62,0xE8,0x89,0x19,0x49,0x97,0x66,0x66,0x86,0x88,
  0x77,0x17,0x77,0x98,0x88,0x84,0x14,0x88,0x87,0x21,0x22,0x22,0x44,0x47,0x48,0x66,0x61,0x11,0x12,0x22,
  0x11,0x14,0x77,0x66,0x21,0x11,0x11,0x11,0x11,0x11,0x24,0x65,0x11,0x11,0x11,0x11,0x11,0x14,0x21,0x11,
  0x11,0x11,0x11,0x11,0x44,0x47,0x55,0x11,0x22,0x22,0x22,0x11,0x74,0x72,0x15,0x12,0x22,0x22,0x22,0x21,
  0x14,0x44,0x15,0x12,0x22,0x22,0x22,0x21,0x17,0x75,0x15,0x12,0x22,0x22,0x22,0x11,0x17,0x45,0x15,0x11,
  0x22,0x22,0x21,0x11,0x14,0x45,0x15,0x11,0x22,0x11,0x11,0x11,0x17,0x55,0x26,0x21,0x11,0x11,0x11,0x11,
  0x17,0x55,0x26,0x22,0x11,0x11,0x11,0x11,0x17,0x55,0x26,0x22,0x11,0x11,0x11,0x22,0x47,0x55,0x26,0x22,
  0x11,0x11,0x11,0x12,0x47,0x73,0x55,0x22,0x11,0x11,0x11,0x11,0x21,0x47,0x98,0x89,0x97,0x78,0x88,0x88,
  0x12,0x25,0x88,0x89,0x78,0x74,0x77,0x78,0x12,0x23,0x68,0x89,0x78,0x87,0x74,0x44,0x12,0x25,0x66,0x79,
  0x77,0x89,0x87,0x77,0x12,0x25,0x65,0x28,0xB7,0x78,0x88,0x89,0x11,0x56,0x62,0x26,0x99,0x77,0x77,0x78,
  0x11,0x26,0x62,0x25,0x8E,0x99,0x77,0x77,0x11,0x22,0x62,0x22,0x69,0x9A,0x98,0x88,0x11,0x12,0x66,0x22,
  0x26,0x9A,0xA9,0x99,0x11,0x25,0x62,0x22,0x25,0x88,0x8A,0x9A,0x11,0x56,0x62,0x22,0x22,0x67,0x78,0x88,
  0x11,0x66,0x62,0x22,0x22,0x25,0x55,0x55,0x11,0x25,0x62,0x22,0x22,0x22,0x22,0x33,0x12,0x25,0x66,0x22,
  0x22,0x22,0x22,0x33,0x22,0x36,0x62,0x22,0x22,0x22,0x22,0x33,0x26,0x66,0x61,0x22,0x22,0x22,0x23,0x33,
  0x88,0x77,0x99,0x99,0x99,0x9C,0xB9,0x99,0x74,0x78,0x89,0xB9,0x99,0x87,0x89,0x99,0x77,0x88,0x79,0x97,
  0x87,0x77,0x78,0x87,0x89,0x88,0x79,0x87,0x77,0x77,0x77,0x77,0x88,0x87,0x98,0x55,0x55,0x33,0x45,0x77,
  0x77,0x89,0x98,0x77,0x88,0x53,0x37,0x9A,0x89,0x9E,0x87,0x78,0x99,0x85,0x78,0x88,0x99,0x99,0x88,0x99,
  0x89,0xF8,0x88,0x78,0xAA,0x98,0x78,0x99,0x9B,0x9C,0x98,0x98,0x99,0x87,0x44,0x79,0xB9,0x79,0x99,0x89,
  0x87,0x74,0x33,0x58,0x98,0x78,0x99,0x89,0x55,0x54,0x43,0x35,0x55,0x77,0x89,0xBF,0x33,0x55,0x33,0x33,
  0x43,0x37,0x78,0x88,0x33,0x55,0x33,0x33,0x33,0x35,0x55,0x77,0x33,0x55,0x53,0x33,0x37,0x77,0x43,0x68,
  0x55,0x57,0x55,0x53,0x78,0x98,0x73,0x59,0x99,0x99,0x99,0x99,0xEF,0x99,0x99,0x9F,0x99,0x9A,0xB8,0x78,
  0x98,0x89,0x9B,0xBB,0x77,0x89,0x8B,0x9E,0x99,0x99,0xB9,0x9B,0x78,0x99,0x89,0xFF,0xB9,0x99,0x98,0x89,
  0x78,0x99,0x9B,0xFB,0xBB,0xB9,0x89,0x9B,0xE9,0x8B,0xBF,0xB9,0x99,0xB9,0x99,0x9B,0x9F,0x98,0xE9,0x99,
  0x98,0x9B,0x99,0xBF,0x9B,0xF8,0x98,0x89,0x89,0x99,0x99,0xB9,0x99,0x99,0x99,0x99,0x9B,0xF9,0x99,0x99,
  0x9B,0x98,0x99,0x99,0xBF,0xFF,0xB9,0x9F,0xCF,0xB9,0x99,0x98,0xBB,0xF9,0x99,0xBF,0xFF,0xFB,0x9B,0x88,
  0x9B,0x98,0x89,0xFF,0xAB,0x99,0x99,0x99,0xFF,0x99,0x99,0xBF,0x98,0x78,0x89,0x9B,0x99,0xB9,0x99,0xBF,
  0x98,0x88,0x99,0x99,0x98,0x9F,0xBB,0xBF,0x98,0x99,0x9B,0xB9,0x99,0x9F,0xFF,0xF9,0x98,0x99,0x9B,0x89,
  0x9B,0x9B,0xFF,0x99,0x99,0x9B,0x9B,0x99,0xBB,0x99,0xBF,0x99,0xB9,0x99,0x89,0x9B,0xB9,0x98,0x9F,0x99,
  0xB9,0xB8,0x78,0x99,0xB9,0x99,0x9F,0x99,0x98,0x98,0x88,0x89,0xBF,0x9B,0xFF,0x99,0x98,0x9B,0x99,0x99,
  0xB9,0xBB,0xF9,0x99,0x98,0xBB,0xBB,0xBB,0x97,0x9B,0xF9,0x99,0x88,0x9B,0xF9,0x99,0x88,0x99,0xF9,0x99,
  0x99,0x9F,0x98,0x89,0x89,0x89,0xF9,0x99,0x99,0xBF,0x89,0x99,0x98,0x99,0xF9,0x99,0xF8,0x9F,0xB9,0x9B,
  0xB9,0x99,0xF9,0x99,0x99,0x9F,0x99,0x9B,0xFB,0xB9,0x87,0x77,0xBB,0xFF,0x98,0x89,0xFB,0xB8,0x44,0x44,
  0xFF,0xFB,0x99,0x99,0xFB,0x97,0x44,0x44,0x99,0xBB,0xB9,0x9B,0xF9,0x77,0x44,0x44,0x88,0x9B,0xFB,0xBF,
  0xF9,0x77,0x11,0x44,0x98,0x68,0x87,0x77,0x77,0x77,0x77,0x77,0x98,0x68,0x87,0x77,0x77,0x77,0x77,0x77,
  0x98,0x68,0x97,0x77,0x77,0x77,0x77,0x77,0x98,0x88,0x97,0x77,0x77,0x77,0x77,0x77,0x98,0x88,0x97,0x77,
  0x77,0x77,0x44,0x47,0x99,0x88,0x97,0x77,0x77,0x77,0x74,0x77,0x98,0x68,0x87,0x77,0x77,0x77,0x74,0x75,
  0x98,0x68,0x87,0x77,0x77,0x74,0x54,0x43,0x98,0x68,0x87,0x77,0x77,0x74,0x44,0x23,0x98,0x68,0x97,0x77,
  0x77,0x77,0x43,0x22,0x98,0x88,0x97,0x77,0x77,0x57,0x22,0x52,0x88,0x88,0x87,0x77,0x44,0x43,0x22,0x22,
  0x49,0x88,0x87,0x77,0x44,0x43,0x22,0x22,0x49,0x88,0x87,0x77,0x45,0x23,0x22,0x21,0x49,0x88,0x87,0x74,
  0x45,0x23,0x22,0x21,0x49,0x88,0x97,0x77,0x44,0x23,0x22,0x22,0x77,0x77,0x77,0x77,0x77,0x77,0x77,0x77,
  0x77,0x77,0x44,0x44,0x44,0x77,0x77,0x77,0x77,0x77,0x77,0x55,0x44,0x57,0x77,0x77,0x77,0x75,0x55,0x35,
  0x22,0x26,0x55,0x77,0x42,0x21,0x11,0x23,0x11,0x11,0x11,0x35,0x42,0x22,0x22,0x23,0x22,0x22,0x22,0x24,
  0x22,0x22,0x22,0x22,0x22,0x22,0x22,0x23,0x22,0x12,0x22,0x22,0x22,0x22,0x22,0x23,0x21,0x11,0x22,0x22,
  0x21,0x12,0x22,0x22,0x21,0x11,0x12,0x22,0x21,0x12,0x22,0x22,0x22,0x11,0x22,0x11,0x21,0x11,0x11,0x22,
  0x22,0x22,0x21,0x11,0x12,0x21,0x11,0x12,0x12,0x22,0x21,0x11,0x22,0x21,0x11,0x12,0x11,0x22,0x22,0x12,
  0x22,0x22,0x11,0x22,0x11,0x21,0x12,0x21,0x11,0x22,0x22,0x22,0x12,0x21,0x12,0x11,0x11,0x22,0x22,0x21,
  0x77,0x77,0x77,0x77,0x77,0x78,0x68,0x89,0x77,0x77,0x77,0x77,0x77,0x78,0x68,0x89,0x77,0x77,0x77,0x77,
  0x77,0x88,0x88,0x89,0x77,0x77,0x77,0x77,0x77,0x88,0x88,0x89,0x22,0x24,0x47,0x77,0x77,0x78,0x88,0x89,
  0x44,0x47,0x77,0x77,0x77,0x78,0x88,0x99,0x24,0x54,0x77,0x77,0x77,0x78,0x68,0x89,0x22,0x47,0x47,0x77,
  0x77,0x78,0x68,0x89,0x22,0x24,0x44,0x77,0x77,0x88,0x68,0x99,0x22,0x35,0x57,0x77,0x77,0x88,0x88,0x9B,
  0x63,0x45,0x35,0x77,0x77,0x88,0x89,0xE9,0x22,0x22,0x22,0x44,0x47,0x78,0x89,0xE9,0x22,0x22,0x22,0x54,
  0x77,0x78,0x89,0xFB,0x22,0x22,0x22,0x47,0x77,0x88,0x89,0xFF,0x11,0x22,0x22,0x35,0x77,0x88,0x89,0x98,
  0x22,0x22,0x22,0x24,0x47,0x89,0x89,0x84,0x9B,0xB9,0xAD,0xC9,0x99,0x99,0xE8,0x88,0x9B,0xC8,0x78,0x89,
  0x9E,0x99,0x88,0x68,0x9B,0x87,0x77,0x88,0x89,0x86,0x68,0x88,0x9B,0x87,0x77,0x89,0x98,0x86,0x68,0x88,
  0x99,0x85,0x57,0x88,0x88,0x88,0x88,0x88,0x99,0xD8,0x88,0x88,0x88,0x88,0x88,0x86,0x99,0xD9,0x88,0x88,
  0x88,0x88,0x88,0x66,0x99,0x98,0x88,0x98,0x88,0x88,0x66,0x86,0xB9,0x88,0x99,0x98,0x88,0x66,0x68,0x88,
  0x99,0x99,0x98,0x88,0x66,0x88,0x68,0x88,0x99,0x99,0x88,0x88,0x68,0x88,0x88,0x89,0x99,0x98,0x88,0x88,
  0x88,0x99,0x99,0x99,0x9B,0xB9,0x89,0x99,0x99,0x99,0x99,0x99,0xCB,0xFD,0x99,0x99,0x99,0x99,0x99,0x99,
  0x9F,0xFA,0x99,0x99,0x99,0x99,0x99,0x99,0x78,0x9E,0xAA,0xAA,0xAA,0xAA,0xAA,0xA9,0x86,0x68,0x88,0x88,
  0x86,0x6A,0x88,0xA8,0x68,0x88,0x88,0x88,0x66,0x69,0x88,0xE6,0x88,0x88,0x86,0x66,0x66,0x6A,0x88,0xE8,
  0x88,0x88,0x66,0x66,0x66,0x6A,0x88,0xE8,0x88,0x66,0x66,0x66,0x66,0x6A,0x88,0xE8,0x66,0x66,0x66,0x66,
  0x66,0x8A,0x88,0xE8,0x66,0x66,0x66,0x88,0x68,0x8A,0x88,0xE8,0x66,0x88,0x88,0x88,0x88,0x8A,0x88,0xE9,
  0x68,0x88,0x88,0x88,0x99,0x9E,0x88,0xEA,0x88,0x89,0x99,0x99,0x99,0x9E,0x88,0xEE,0x99,0x99,0x99,0x99,
  0x99,0x9E,0x88,0xEE,0x99,0x99,0x99,0x99,0x9A,0xEE,0x88,0xEA,0x99,0x99,0x99,0x99,0x99,0x9E,0x88,0xEE,
  0x99,0x99,0x99,0x99,0x99,0x9E,0x88,0xEE,0x99,0x99,0x9A,0xEE,0xAA,0xEE,0x88,0xEE,0x99,0x99,0x99,0x99,
  0x99,0x9E,0x88,0xEE,0x68,0xEA,0x99,0x99,0x9A,0x68,0x66,0x99,0x66,0xE8,0x99,0x99,0x9E,0x68,0x66,0x86,
  0x68,0xE8,0x78,0x88,0x8A,0x68,0x66,0x86,0x88,0xE7,0x77,0x77,0x79,0x68,0x66,0x86,0x88,0xE5,0x43,0x52,
  0x49,0x68,0x88,0x88,0x88,0x85,0x33,0x64,0x49,0x66,0x66,0x66,0x9E,0x55,0x33,0x57,0x59,0x88,0x88,0x88,
  0xAF,0x53,0x35,0x55,0x59,0x89,0x99,0x99,0xE8,0x43,0x55,0x33,0x49,0x89,0x88,0x88,0xF7,0x75,0x53,0x33,
  0x7A,0x89,0x88,0x88,0xF8,0x87,0x33,0x33,0x7A,0x89,0x88,0x88,0xF8,0x77,0x53,0x33,0x7A,0x89,0x88,0x98,
  0xF8,0x77,0x74,0x33,0x7A,0x99,0x99,0x99,0xF8,0x77,0x75,0x43,0x78,0x99,0x99,0x99,0xF8,0x77,0x77,0x53,
  0x77,0x88,0x88,0x88,0x98,0x77,0x77,0x53,0x57,0x77,0x77,0x77,0x99,0x99,0xA9,0x98,0x6E,0x88,0x72,0x11,
  0x68,0x66,0x86,0x68,0x6E,0x68,0x51,0x11,0x68,0x66,0x86,0x68,0x6E,0x56,0x61,0x11,0x68,0x66,0x86,0x68,
  0x6E,0x56,0x32,0x11,0x88,0x88,0x88,0x88,0x6E,0x65,0x22,0x11,0x88,0x88,0x88,0x66,0x8E,0x65,0x22,0x11,
  0x88,0x88,0x88,0x88,0x8E,0x65,0x21,0x11,0x99,0x99,0x99,0x99,0x8E,0x65,0x21,0x11,0x88,0x88,0x88,0x89,
  0x8A,0x66,0x22,0x11,0x88,0x88,0x88,0x89,0x8A,0x66,0x62,0x11,0x88,0x88,0x88,0x89,0x8A,0x56,0x62,0x11,
  0x89,0x88,0x98,0x89,0x9E,0x66,0x22,0x11,0x99,0x99,0x99,0x99,0x9E,0x86,0x22,0x21,0x99,0x99,0x99,0x99,
  0x98,0x66,0x52,0x11,0x88,0x88,0x88,0x88,0x85,0x66,0x66,0x22,0x77,0x77,0x75,0x56,0x56,0x56,0x66,0x21,
  0x11,0x11,0x11,0x17,0x46,0x68,0x64,0x78,0x11,0x11,0x11,0x17,0x46,0x68,0x74,0x78,0x11,0x11,0x11,0x15,
  0x36,0x65,0x47,0x77,0x11,0x11,0x11,0x15,0x26,0x64,0x77,0x77,0x11,0x11,0x11,0x15,0x12,0x34,0x74,0x78,
  0x11,0x11,0x11,0x15,0x22,0x35,0x77,0x77,0x11,0x11,0x11,0x15,0x22,0x25,0x77,0x78,0x11,0x12,0x22,0x25,
  0x26,0x26,0x34,0x78,0x11,0x12,0x22,0x26,0x26,0x66,0x24,0x78,0x11,0x11,0x22,0x25,0x26,0x66,0x22,0x78,
  0x11,0x11,0x22,0x25,0x26,0x66,0x22,0x78,0x11,0x11,0x22,0x26,0x26,0x66,0x22,0x78,0x11,0x11,0x11,0x26,
  0x26,0x66,0x53,0x78,0x22,0x11,0x11,0x15,0x55,0x55,0x55,0x78,0x11,0x11,0x11,0x12,0x66,0x55,0x66,0x78,
  0x11,0x11,0x11,0x11,0x25,0x55,0x33,0x14,0x88,0x88,0x71,0x11,0x78,0x66,0x66,0x66,0x88,0x88,0x71,0x11,
  0x78,0x66,0x66,0x66,0x88,0x88,0x71,0x11,0x78,0x66,0x66,0x68,0x78,0x88,0x71,0x11,0x78,0x66,0x66,0x66,
  0x77,0x78,0x87,0x74,0x78,0x66,0x66,0x66,0x78,0x78,0x87,0x77,0x86,0x26,0x66,0x66,0x88,0x88,0x87,0x77,
  0x88,0x56,0x66,0x66,0x88,0x88,0x87,0x74,0x76,0x26,0x66,0x66,0x88,0x88,0x71,0x11,0x78,0x26,0x66,0x56,
  0x88,0x89,0x71,0x11,0x78,0x26,0x65,0x56,0x88,0x88,0x71,0x11,0x76,0x26,0x66,0x66,0x88,0x88,0x71,0x44,
  0x78,0x56,0x66,0x66,0x88,0x88,0x87,0x87,0x86,0x56,0x66,0x66,0x87,0x79,0x88,0x88,0x98,0x56,0x66,0x66,
  0x99,0x98,0x77,0x99,0x88,0x66,0x66,0x66,0x78,0x77,0x78,0xB9,0x98,0x86,0x66,0x66,0x66,0x66,0x66,0x89,
  0x71,0x11,0x11,0x11,0x66,0x66,0x66,0x89,0x74,0x44,0x44,0x44,0x66,0x66,0x66,0x89,0xA9,0x99,0x99,0x99,
  0x66,0x66,0x66,0x89,0x88,0x88,0x88,0x88,0x66,0x66,0x66,0x89,0x88,0x88,0x88,0x88,0x66,0x66,0x66,0x89,
  0x88,0x88,0x88,0x88,0x66,0x66,0x66,0x89,0x86,0x66,0x66,0x66,0x66,0x66,0x66,0x69,0x88,0x88,0x88,0x88,
  0x66,0x66,0x66,0x69,0x99,0x99,0x99,0x99,0x66,0x66,0x66,0x69,0xAA,0x99,0x88,0x88,0x66,0x66,0x66,0x69,
  0xAA,0x98,0x66,0x68,0x66,0x66,0x66,0x69,0x89,0x96,0x22,0x66,0x66,0x66,0x66,0x69,0x88,0x96,0x22,0x66,
  0x66,0x66,0x66,0x69,0x98,0x86,0x22,0x66,0x66,0x66,0x66,0x88,0x89,0x96,0x22,0x66,0x66,0x66,0x66,0x88,
  0x99,0xE6,0x22,0x66,0x11,0x11,0x11,0x11,0x19,0x87,0x56,0x89,0x44,0x44,0x44,0x11,0x19,0x87,0x56,0x89,
  0x99,0x99,0x9A,0x71,0x17,0x97,0x56,0x89,0x88,0x88,0x88,0xE1,0x11,0x97,0x56,0x89,0x88,0x88,0x88,0xA4,
  0x19,0x87,0x56,0x89,0x88,0x88,0x88,0xA7,0x78,0x97,0x56,0x89,0x66,0x66,0x68,0xA7,0x77,0xB7,0x76,0x89,
  0x88,0x88,0x88,0xA7,0x77,0xB8,0x76,0x89,0x99,0x99,0x98,0xA7,0x78,0x97,0x66,0x89,0xAA,0x99,0x98,0xA7,
  0x79,0x87,0x56,0x89,0x98,0x88,0x98,0xA7,0x79,0x87,0x56,0x89,0x86,0x66,0x88,0xE4,0x17,0x97,0x56,0x89,
  0x66,0x56,0x68,0xE1,0x11,0x97,0x56,0x89,0x25,0x56,0x68,0xE4,0x47,0xB8,0x56,0x89,0x26,0x56,0x68,0xE7,
  0x77,0x97,0x76,0x89,0x26,0x56,0x68,0xE7,0x79,0x87,0x76,0x89,0xD9,0xBA,0xCC,0xCC,0xCC,0xCC,0xCC,0xCC,
  0xD9,0xBA,0xCC,0xCC,0xCC,0xCC,0xCC,0xCC,0xD9,0xBA,0xCC,0xCC,0xCC,0xCC,0xCC,0xCC,0xD9,0xBA,0xCC,0xCC,
  0xCC,0xCC,0xCC,0xCC,0xD9,0xBA,0xCC,0xCC,0xCC,0xCC,0xCC,0xCC,0xD9,0xBA,0xCC,0xCC,0xCC,0xCC,0xCC,0xCC,
  0xDB,0xBE,0xCC,0xCC,0xCC,0xCC,0xCC,0xCC,0xDB,0xBE,0xCC,0xCC,0xCC,0xCC,0xCC,0xCC,0xA9,0xBA,0xCC,0xCC,
  0xCC,0xCC,0xCC,0xCC,0xA9,0xBA,0xCC,0xCC,0xCC,0xCC,0xCC,0xCC,0xA9,0xBA,0xCC,0xCC,0xCC,0xCC,0xCC,0xCC,
  0xA9,0xBA,0xCC,0xCC,0xCC,0xCC,0xCC,0xCC,0xC9,0xBC,0xCC,0xCC,0xCC,0xCC,0xCC,0xCC,0xC9,0xBC,0xCC,0xCC,
  0xCC,0xCC,0xCC,0xCC,0xCB,0xCD,0xCC,0xCC,0xCC,0xCC,0xCC,0xCC,0xCB,0xCD,0xCC,0xCC,0xCC,0xCC,0xCC,0xCC,
  0xCC,0xCC,0xCC,0xCC,0xCC,0xCD,0xEC,0xA9,0xCC,0xCC,0xCC,0xCC,0xCC,0xCD,0xEC,0xA9,0xCC,0xCC,0xCC,0xCC,
  0xCC,0xCD,0xEC,0xA9,0xCC,0xCC,0xCC,0xCC,0xCC,0xCD,0xEC,0xA9,0xCC,0xCC,0xCC,0xCC,0xCC,0xCD,0xEC,0xAB,
  0xCC,0xCC,0xCC,0xCC,0xCC,0xCD,0xEC,0xAB,0xCC,0xCC,0xCC,0xCC,0xCC,0xCD,0xAA,0xAB,0xCC,0xCC,0xCC,0xCC,
  0xCC,0xCD,0xAA,0xAB,0xCC,0xCC,0xCC,0xCC,0xCC,0xCD,0xEC,0xA9,0xCC,0xCC,0xCC,0xCC,0xCC,0xCD,0xEC,0xA9,
  0xCC,0xCC,0xCC,0xCC,0xCC,0xCD,0xEC,0xAA,0xCC,0xCC,0xCC,0xCC,0xCC,0xCD,0xEC,0xAA,0xCC,0xCC,0xCC,0xCC,
  0xCC,0xCD,0xEC,0xA9,0xCC,0xCC,0xCC,0xCC,0xCC,0xCD,0xEC,0xA9,0xCC,0xCC,0xCC,0xCC,0xCC,0xCD,0xEA,0xA9,
  0xCC,0xCC,0xCC,0xCC,0xCC,0xCD,0xEA,0xA9,0x86,0x65,0x79,0x87,0x99,0x99,0x78,0x86,0x86,0x65,0x79,0x87,
  0x99,0x99,0x78,0x86,0x86,0x67,0x99,0x77,0x99,0x99,0x88,0x86,0x86,0x67,0x79,0x77,0x99,0x88,0x89,0x88,
  0x86,0x67,0x7B,0x88,0x99,0x88,0x88,0x88,0x86,0x67,0x99,0x98,0xA9,0x88,0x88,0x88,0x96,0x67,0x98,0x77,
  0x99,0x88,0x88,0x88,0x97,0x67,0x97,0x77,0x99,0x88,0x88,0x88,0x86,0x65,0x97,0x77,0x99,0x99,0x99,0x99,
  0x86,0x65,0x79,0x77,0x99,0x99,0x99,0x99,0x96,0x65,0x79,0x87,0x99,0x99,0x98,0x99,0x96,0x65,0x7B,0x98,
  0xC9,0x99,0x87,0x89,0x86,0x67,0x8B,0x97,0x99,0x99,0x75,0x58,0x86,0x67,0x9B,0x87,0x99,0x99,0x87,0x79,
  0x96,0x67,0x99,0x77,0x99,0x99,0x94,0x89,0x96,0x67,0x79,0x99,0xA9,0x99,0x87,0x79,0x68,0x89,0x7B,0x77,
  0x78,0x86,0x66,0x66,0x66,0x88,0x79,0x87,0x77,0x98,0x88,0x66,0x68,0x88,0x89,0xB7,0x78,0x99,0x77,0x77,
  0x88,0x88,0x99,0x99,0x79,0x77,0x11,0x14,0x88,0x88,0x99,0x89,0x99,0x41,0x41,0x17,0x88,0x88,0x88,0x8A,
  0x89,0x44,0x44,0x17,0x88,0x88,0x88,0x89,0x89,0x44,0x44,0x17,0x88,0x88,0x88,0x8A,0x79,0x44,0x44,0x17,
  0x99,0x99,0x99,0x9A,0x79,0x44,0x44,0x17,0x99,0x99,0x89,0x9A,0x79,0x74,0x44,0x17,0x99,0xA8,0x68,0xAE,
  0x87,0x94,0x44,0x17,0x99,0x97,0x57,0xDA,0x97,0x97,0x44,0x17,0x99,0x98,0x77,0xC8,0x88,0x77,0x77,0x47,
  0x99,0x99,0x48,0x99,0x79,0x88,0x88,0x47,0x99,0x97,0x47,0x99,0x87,0x98,0x78,0x78,0x99,0x62,0x28,0x89,
  0x88,0x98,0x66,0x88,0x66,0x68,0x87,0x77,0xB1,0x17,0x84,0x99,0x66,0x79,0x77,0x77,0x71,0x17,0x87,0x79,
  0x77,0x99,0x87,0x7B,0x14,0x77,0x89,0x49,0x44,0x77,0x97,0x97,0x17,0x77,0x78,0x77,0x44,0x47,0x99,0xE1,
  0x17,0x77,0x77,0x97,0x44,0x47,0x97,0xE1,0x14,0x77,0x77,0x88,0x44,0x47,0x93,0xE4,0x11,0x44,0x44,0x44,
  0x44,0x77,0x93,0xE7,0x44,0x74,0x41,0x44,0x47,0x77,0x92,0xA7,0x78,0x77,0x74,0x87,0x47,0x78,0x93,0xA7,
  0x88,0x77,0x77,0x87,0x77,0x79,0x78,0xE8,0x88,0x77,0x77,0x88,0x77,0x99,0x79,0xA9,0x87,0x47,0x77,0x88,
  0x79,0x77,0x88,0x7B,0x88,0x77,0x77,0x87,0x98,0x87,0x97,0x98,0x77,0x77,0x77,0x87,0x86,0x89,0x78,0x99,
  0x88,0x77,0x88,0x97,0x65,0x69,0x88,0x98,0x9B,0x98,0x9B,0xB9,0x48,0x82,0x62,0x21,0x11,0x22,0x11,0x11,
  0x48,0x75,0x21,0x11,0x22,0x22,0x21,0x12,0x48,0x48,0x31,0x12,0x25,0x22,0x22,0x22,0x47,0x77,0x43,0x22,
  0x25,0x52,0x56,0x66,0x78,0x77,0x44,0x32,0x25,0x52,0x56,0x66,0x87,0x44,0x44,0x54,0x25,0x32,0x58,0x86,
  0x84,0x47,0x77,0x77,0x55,0x52,0x58,0x66,0x77,0x78,0x87,0x77,0x77,0x65,0x66,0x65,0x77,0x77,0x87,0x77,
  0x77,0x75,0x66,0x62,0x77,0x78,0x77,0x77,0x74,0x45,0x77,0x77,0x88,0x87,0x77,0x77,0x77,0x77,0x77,0x77,
  0x77,0x87,0x77,0x77,0x77,0x77,0x77,0x77,0x47,0x77,0x77,0x77,0x77,0x77,0x77,0x77,0x77,0x78,0x77,0x77,
  0x77,0x77,0x77,0x77,0x77,0x89,0x77,0x77,0x77,0x77,0x88,0x77,0x88,0xBB,0x98,0x88,0x88,0x89,0xBB,0x98,
  0x25,0x56,0x62,0x22,0x22,0x22,0x23,0x34,0x22,0x25,0x62,0x22,0x25,0x55,0x55,0x55,0x22,0x23,0x66,0x22,
  0x25,0x33,0x57,0x54,0x22,0x25,0x66,0x22,0x32,0x22,0x45,0x53,0x52,0x35,0x62,0x23,0x22,0x33,0x35,0x53,
  0x55,0x66,0x62,0x32,0x23,0x33,0x35,0x53,0x22,0x56,0x85,0x32,0x33,0x33,0x35,0x53,0x22,0x36,0x86,0x53,
  0x33,0x33,0x35,0x53,0x35,0x77,0x88,0x35,0x53,0x33,0x35,0x54,0x77,0x78,0x98,0x33,0x55,0x33,0x35,0x66,
  0x77,0x89,0x97,0x33,0x35,0x53,0x56,0x53,0x77,0x89,0x94,0x34,0x33,0x55,0x55,0x33,0x77,0x88,0x97,0x33,
  0x33,0x35,0x53,0x33,0x77,0x88,0x98,0x43,0x33,0x33,0x53,0x33,0x78,0x89,0x99,0x53,0x33,0x33,0x53,0x33,
  0x88,0x89,0x98,0x73,0x33,0x55,0x53,0x33,0x55,0x55,0x45,0x57,0x88,0x8B,0x97,0x78,0x33,0x33,0x43,0x79,
  0x98,0x9B,0xF8,0x78,0x33,0x33,0x44,0x79,0x99,0xBF,0x98,0x77,0x33,0x33,0x33,0x58,0x9F,0xF9,0x77,0x57,
  0x33,0x33,0x33,0x57,0x89,0x97,0x75,0x55,0x33,0x33,0x33,0x45,0x75,0x55,0x55,0x54,0x33,0x33,0x33,0x33,
  0x55,0x33,0x45,0x57,0x33,0x33,0x33,0x33,0x55,0x44,0x55,0x78,0x33,0x33,0x33,0x33,0x57,0x55,0x58,0x99,
  0x53,0x33,0x33,0x33,0x57,0x75,0x59,0x99,0x55,0x33,0x33,0x35,0x57,0x54,0x57,0x99,0x35,0x55,0x55,0x55,
  0x77,0x43,0x57,0x89,0x33,0x57,0x55,0x35,0x56,0x43,0x35,0x78,0x33,0x55,0x33,0x33,0x35,0x53,0x33,0x55,
  0x35,0x53,0x33,0x33,0x35,0x33,0x33,0x34,0x55,0x33,0x33,0x33,0x35,0x53,0x33,0x55,0x98,0x9B,0xBB,0xBB,
  0x99,0x9B,0xFC,0xB9,0xB9,0x9B,0xFC,0x99,0xBB,0x99,0xBB,0xB9,0x89,0xFF,0xF9,0x98,0x99,0x98,0x9B,0xFB,
  0x78,0x88,0xE9,0x99,0x99,0xB9,0x9B,0xFF,0x77,0x77,0x8B,0x99,0x9B,0xF9,0x9B,0xBF,0x78,0x87,0x78,0x9B,
  0xFF,0xF9,0x99,0x9C,0x89,0x99,0x87,0x78,0x8A,0x98,0x88,0x99,0x98,0x9B,0x97,0x77,0x79,0x99,0x88,0x9B,
  0x99,0x9B,0xF9,0x87,0x78,0xB9,0x99,0x9C,0x99,0x9B,0xF8,0x77,0x77,0x8A,0x99,0xBF,0x9B,0xBF,0x87,0x77,
  0x77,0x78,0x9F,0xF8,0xFF,0xF9,0x77,0x55,0x57,0x77,0x88,0x87,0x88,0x87,0x75,0x43,0x55,0x55,0x55,0x53,
  0x77,0x77,0x54,0x33,0x74,0x33,0x32,0x22,0x57,0x55,0x44,0x33,0x53,0x22,0x22,0x22,0x55,0x55,0x33,0x35,
  0x52,0x22,0x22,0x22,0x99,0x9F,0xFF,0xBB,0xB9,0x77,0x11,0x14,0x99,0xBF,0x99,0x99,0xB9,0x77,0x11,0x11,
  0xBB,0xFB,0x88,0x99,0xB9,0x77,0x11,0x14,0xFF,0x8B,0x98,0x9B,0xBB,0x77,0x44,0x44,0x99,0x78,0x99,0x9F,
  0x99,0x74,0x44,0x44,0x97,0x77,0x8A,0xF9,0x79,0x74,0x44,0x44,0xF9,0x77,0x78,0x87,0x89,0x77,0x77,0x77,
  0xBF,0x77,0x78,0x87,0x88,0x87,0x77,0x77,0xF9,0x87,0x89,0xB9,0x87,0x88,0x88,0x97,0x98,0x78,0x98,0x9F,
  0x97,0x77,0x77,0x97,0x77,0x99,0x89,0x99,0xF9,0x76,0x66,0x97,0x78,0x98,0x99,0x89,0xBF,0x95,0x55,0x97,
  0x3A,0x89,0x98,0x99,0xFF,0xF7,0x55,0x97,0x3A,0x89,0x88,0x9B,0xFF,0x85,0x55,0x97,0x5E,0x98,0x89,0x9B,
  0xF8,0x65,0x25,0x97,0x68,0xD9,0x99,0xBF,0x85,0x65,0x25,0x78,0x49,0x88,0x97,0x77,0x73,0x35,0x22,0x12,
  0x49,0x88,0xC8,0x77,0x52,0x22,0x22,0x12,0x49,0x88,0x97,0x77,0x41,0x11,0x22,0x22,0x79,0x88,0xB7,0x77,
  0x42,0x22,0x22,0x21,0x49,0x88,0x97,0x77,0x44,0x22,0x22,0x21,0x77,0x98,0xB8,0x77,0x45,0x22,0x22,0x22,
  0x74,0x98,0x99,0x88,0x77,0x56,0x62,0x22,0x74,0x78,0x9A,0x99,0x88,0x76,0x66,0x22,0x71,0x47,0x77,0x99,
  0x87,0x77,0x66,0x22,0x71,0x11,0x14,0x98,0x87,0x77,0x52,0x62,0x71,0x11,0x11,0x98,0x87,0x77,0x21,0x22,
  0x71,0x11,0x14,0x97,0x88,0x77,0x21,0x26,0x74,0x44,0x44,0x97,0x88,0x87,0x66,0x66,0x44,0x44,0x44,0x97,
  0x88,0x88,0x77,0x77,0x44,0x44,0x47,0x97,0x88,0x88,0x88,0x77,0x88,0x88,0x88,0xB7,0x78,0x88,0x88,0x77,
  0x22,0x21,0x12,0x11,0x12,0x21,0x12,0x21,0x22,0x21,0x12,0x21,0x22,0x21,0x11,0x22,0x22,0x21,0x11,0x22,
  0x22,0x21,0x11,0x11,0x12,0x22,0x11,0x22,0x11,0x12,0x22,0x21,0x11,0x22,0x22,0x22,0x11,0x12,0x22,0x11,
  0x21,0x22,0x12,0x22,0x11,0x22,0x21,0x12,0x22,0x22,0x11,0x22,0x22,0x22,0x11,0x12,0x22,0x21,0x11,0x22,
  0x22,0x22,0x21,0x22,0x22,0x21,0x22,0x22,0x12,0x22,0x11,0x22,0x22,0x22,0x22,0x11,0x12,0x22,0x11,0x12,
  0x21,0x12,0x22,0x11,0x22,0x22,0x21,0x22,0x21,0x12,0x22,0x22,0x22,0x12,0x22,0x22,0x22,0x22,0x21,0x22,
  0x22,0x12,0x22,0x21,0x52,0x62,0x21,0x26,0x22,0x22,0x22,0x22,0x21,0x25,0x22,0x22,0x22,0x26,0x66,0x22,
  0x62,0x66,0x62,0x62,0x26,0x66,0x66,0x66,0x22,0x25,0x22,0x35,0x77,0x99,0x89,0x84,0x22,0x22,0x22,0x35,
  0x57,0x99,0x89,0x74,0x12,0x22,0x12,0x23,0x47,0x89,0x89,0x74,0x22,0x22,0x22,0x25,0x47,0x99,0x89,0x84,
  0x22,0x22,0x22,0x35,0x47,0x99,0x89,0x84,0x22,0x22,0x22,0x57,0x47,0x99,0x88,0x77,0x21,0x12,0x25,0x78,
  0x89,0x98,0x87,0x77,0x21,0x12,0x66,0x88,0x99,0x98,0x87,0x47,0x21,0x22,0x67,0x88,0x88,0x77,0x41,0x47,
  0x22,0x26,0x67,0x78,0x87,0x11,0x11,0x47,0x22,0x66,0x77,0x77,0x87,0x11,0x11,0x27,0x22,0x67,0x77,0x88,
  0x87,0x11,0x11,0x27,0x12,0x67,0x77,0x88,0x87,0x44,0x44,0x47,0x22,0x67,0x78,0x87,0x87,0x44,0x44,0x44,
  0x26,0x88,0x88,0x87,0x87,0x44,0x44,0x47,0x67,0x78,0x88,0x77,0x89,0x88,0x88,0x88,0x14,0x78,0x99,0x99,
  0x88,0x88,0x88,0x89,0x11,0x47,0x89,0x88,0x77,0x77,0x77,0x78,0x41,0x17,0x89,0x88,0x77,0x77,0x77,0x77,
  0x44,0x78,0x99,0x99,0x88,0x88,0x88,0x88,0x47,0x89,0x99,0x99,0x99,0x99,0x99,0x99,0x47,0x98,0x88,0x88,
  0x88,0x88,0x88,0x88,0x77,0x89,0x99,0x99,0x99,0xAA,0xAA,0x99,0x77,0x9A,0xA9,0x99,0x88,0x88,0x88,0x88,
  0x89,0x88,0x88,0x77,0x77,0x77,0x77,0x77,0x88,0x67,0x77,0x67,0x77,0x77,0x77,0x77,0x88,0x52,0x33,0x25,
  0x53,0x23,0x35,0x57,0x88,0x32,0x22,0x22,0x22,0x22,0x22,0x23,0x88,0x32,0x22,0x22,0x22,0x22,0x22,0x22,
  0x88,0x52,0x22,0x22,0x22,0x22,0x22,0x22,0x88,0x52,0x22,0x22,0x22,0x22,0x22,0x22,0x77,0x32,0x22,0x22,
  0x22,0x22,0x22,0x22,0xAA,0xAA,0xAE,0xAA,0xAA,0xEE,0x88,0xA9,0x9E,0xEE,0xE9,0x88,0x99,0x8A,0x88,0xA8,
  0x79,0xA9,0xA8,0x77,0x77,0x79,0x88,0xE7,0x89,0xAA,0xE9,0x88,0x88,0x8E,0x88,0xE9,0x99,0x99,0x99,0x99,
  0x99,0x9E,0x88,0xEA,0x88,0x88,0x88,0x88,0x88,0x8E,0x88,0xE9,0x99,0x9A,0x99,0x9A,0x99,0x9E,0x88,0xEE,
  0x8A,0xAA,0xE9,0x88,0x88,0x8A,0x88,0xE9,0x78,0x9A,0x87,0x77,0x77,0x7A,0x88,0xE7,0x77,0x88,0x77,0x77,
  0x77,0x7A,0x88,0xE7,0x55,0x55,0x55,0x57,0x77,0x79,0x88,0xE7,0x54,0x33,0x33,0x35,0x57,0x79,0x99,0xE7,
  0x35,0x53,0x33,0x35,0x35,0x59,0x99,0xE7,0x25,0x55,0x33,0x57,0x33,0x49,0x99,0xE7,0x22,0x53,0x35,0x57,
  0x33,0x47,0x9A,0x85,0x22,0x22,0x22,0x25,0x53,0x33,0x68,0x54,0x87,0x77,0x77,0x43,0x47,0x77,0x55,0x75,
  0x77,0x77,0x77,0x55,0x57,0x77,0x55,0x53,0x77,0x77,0x75,0x77,0x55,0x57,0x75,0x33,0x88,0x87,0x54,0x55,
  0x33,0x35,0x63,0x33,0x99,0xA8,0x43,0x52,0x33,0x33,0x62,0x33,0x99,0x9E,0x54,0x55,0x33,0x35,0x62,0x33,
  0xAA,0xA8,0x43,0x77,0x55,0x56,0x73,0x33,0x88,0x85,0x45,0x55,0x55,0x56,0x63,0x33,0x43,0x33,0x55,0x33,
  0x33,0x35,0x75,0x43,0x55,0x55,0x53,0x33,0x33,0x33,0x57,0x54,0x57,0x65,0x33,0x33,0x33,0x33,0x47,0x45,
  0x36,0x53,0x33,0x33,0x33,0x33,0x55,0x35,0x36,0x24,0x33,0x33,0x33,0x33,0x62,0x33,0x36,0x34,0x33,0x33,
  0x33,0x35,0x33,0x33,0x35,0x34,0x33,0x33,0x33,0x36,0x23,0x33,0x56,0x34,0x33,0x33,0x33,0x55,0x33,0x35,
  0x55,0x55,0x55,0x22,0x25,0x66,0x22,0x21,0x33,0x32,0x22,0x22,0x22,0x65,0x22,0x22,0x43,0x33,0x22,0x52,
  0x22,0x65,0x22,0x52,0x43,0x33,0x22,0x52,0x22,0x66,0x52,0x52,0x33,0x33,0x33,0x52,0x22,0x56,0x65,0x55,
  0x33,0x33,0x35,0x52,0x22,0x26,0x66,0x66,0x33,0x33,0x33,0x53,0x22,0x38,0x52,0x25,0x33,0x33,0x34,0x45,
  0x22,0x68,0x53,0x22,0x33,0x33,0x33,0x35,0x53,0x98,0x75,0x45,0x33,0x33,0x33,0x37,0x55,0x89,0x77,0x77,
  0x33,0x33,0x33,0x37,0x53,0x5E,0x99,0x87,0x53,0x33,0x33,0x35,0x53,0x4E,0x98,0x77,0x55,0x33,0x44,0x45,
  0x24,0x89,0x87,0x77,0x36,0x53,0x44,0x55,0x37,0xE9,0x88,0x77,0x56,0x65,0x55,0x75,0x37,0xE8,0x98,0x87,
  0x43,0x34,0x44,0x45,0x57,0x89,0x99,0x88,0x11,0x11,0x21,0x11,0x12,0x22,0x11,0x11,0x11,0x12,0x22,0x21,
  0x11,0x11,0x11,0x11,0x22,0x22,0x22,0x52,0x22,0x21,0x11,0x11,0x66,0x62,0x25,0x52,0x23,0x54,0x11,0x11,
  0x86,0x62,0x55,0x52,0x55,0x77,0x11,0x11,0x86,0x65,0x55,0x56,0x77,0x77,0x74,0x11,0x88,0x62,0x22,0x25,
  0x77,0x78,0x77,0x44,0x66,0x52,0x25,0x77,0x47,0x78,0x77,0x77,0x67,0x33,0x58,0x88,0x88,0x99,0x88,0x88,
  0x77,0x47,0x87,0x77,0x88,0x88,0x88,0x88,0x77,0x77,0x86,0x74,0x66,0x66,0x66,0x66,0x77,0x88,0x86,0x74,
  0x66,0x66,0x66,0x66,0x77,0x9E,0x66,0x74,0x66,0x66,0x66,0x66,0x77,0x8F,0x66,0x77,0x66,0x66,0x66,0x66,
  0x78,0x9F,0x66,0x77,0x66,0x66,0x66,0x66,0x89,0xCE,0x78,0x87,0x66,0x64,0x45,0x66,0x14,0x47,0x99,0x99,
  0x99,0x88,0x66,0x66,0x11,0x48,0x99,0x88,0x99,0x98,0x86,0x67,0x11,0x77,0x78,0x88,0x99,0x99,0x88,0x77,
  0x11,0x77,0x77,0x88,0x99,0x99,0x87,0x44,0x11,0x47,0x77,0x89,0x99,0x89,0x74,0x14,0x11,0x14,0x87,0x78,
  0x98,0x67,0x41,0x11,0x44,0x77,0x78,0x88,0xB8,0x67,0x41,0x11,0x78,0x97,0x78,0x99,0x96,0x67,0x44,0x11,
  0x89,0x99,0x88,0x99,0x96,0x67,0x74,0x11,0x77,0x88,0x87,0x77,0x86,0x67,0x77,0x41,0x57,0x78,0x97,0x77,
  0x86,0x68,0x77,0x44,0x57,0x76,0x88,0x77,0x88,0x89,0x77,0x77,0x67,0x76,0x89,0x77,0x89,0x98,0x87,0x77,
  0x67,0x76,0x89,0x77,0x89,0x98,0x88,0x87,0x67,0x76,0x89,0x88,0x88,0x86,0x68,0x88,0x67,0x78,0x8B,0x99,
  0x98,0x66,0x66,0x68,0x66,0x66,0x68,0x89,0x99,0x98,0x86,0x66,0x66,0x68,0x88,0x99,0x98,0x89,0x99,0x86,
  0x77,0x78,0x89,0x99,0x98,0x88,0x77,0x88,0x77,0x78,0x89,0xB9,0x88,0x87,0x77,0x88,0x47,0x77,0x78,0x99,
  0x99,0x77,0x78,0x88,0x11,0x47,0x77,0x89,0x99,0x77,0x98,0x88,0x11,0x47,0x77,0x89,0xA8,0x88,0x88,0x88,
  0x11,0x47,0x77,0x88,0xA9,0x98,0x88,0x88,0x14,0x47,0x77,0x88,0x9A,0x99,0x99,0x99,0x44,0x77,0x78,0x88,
  0xEA,0x99,0x99,0x99,0x47,0x77,0x78,0x88,0xE9,0x99,0x99,0x99,0x77,0x77,0x79,0x89,0x86,0x88,0x99,0x99,
  0x77,0x77,0x88,0x8A,0x62,0x66,0x89,0x99,0x77,0x88,0x78,0x88,0x86,0x66,0x88,0x88,0x88,0x88,0x66,0x88,
  0x88,0x66,0x66,0x68,0x88,0x76,0x66,0x89,0x99,0x66,0x65,0x66,0x56,0x56,0x68,0xE9,0x8B,0x87,0x56,0x89,
  0x56,0x68,0x68,0xA8,0x8B,0x87,0x56,0x89,0x68,0x88,0x88,0xA8,0x78,0x97,0x56,0x89,0x88,0x88,0x88,0xA8,
  0x78,0x97,0x56,0x89,0x88,0x88,0x88,0xE8,0x79,0x87,0x56,0x89,0x88,0x88,0x88,0xE8,0x78,0x97,0x56,0x89,
  0x88,0x88,0x88,0xA8,0x77,0xB7,0x76,0x89,0x88,0x88,0x88,0xA8,0x88,0xA7,0x76,0x89,0x99,0x99,0x98,0xE7,
  0x79,0x97,0x56,0x89,0x99,0x99,0xA9,0xE7,0x79,0x87,0x56,0x89,0xA8,0x88,0x99,0xE7,0x79,0x87,0x56,0x89,
  0x86,0x66,0x88,0xE7,0x78,0x97,0x56,0x89,0x66,0x66,0x88,0xE7,0x77,0xB7,0x56,0x89,0x66,0x66,0x88,0xA7,
  0x77,0xB7,0x56,0x89,0x66,0x66,0x88,0xA8,0x79,0x97,0x76,0x89,0x66,0x66,0x88,0xA9,0x9B,0x87,0x76,0x89,
  0xC9,0xBC,0xCC,0xCC,0xCC,0xCC,0xCC,0xCC,0xC9,0xBC,0xCC,0xCC,0xCC,0xCC,0xCC,0xCC,0xD9,0xBC,0xCC,0xCC,
  0xCC,0xCC,0xCC,0xCC,0xD9,0xBC,0xCC,0xCC,0xCC,0xCC,0xCC,0xCC,0xDB,0xBC,0xCC,0xCC,0xCC,0xCC,0xCC,0xCC,
  0xDB,0xBC,0xCC,0xCC,0xCC,0xCC,0xCC,0xCC,0xCB,0xCC,0xCC,0xCC,0xCC,0xCC,0xCC,0xCC,0xCB,0xCC,0xCC,0xCC,
  0xCC,0xCC,0xCC,0xCC,0xE9,0xBA,0xCC,0xCC,0xCC,0xCC,0xCC,0xCC,0xE9,0xBA,0xCC,0xCC,0xCC,0xCC,0xCC,0xCC,
  0xA9,0xBE,0xCC,0xCC,0xCC,0xCC,0xCC,0xCC,0xA9,0xBE,0xCC,0xCC,0xCC,0xCC,0xCC,0xCC,0xB9,0xDA,0xCC,0xCC,
  0xCC,0xCC,0xCC,0xCC,0xB9,0xDA,0xCC,0xCC,0xCC,0xCC,0xCC,0xCC,0xBB,0xAA,0xCC,0xCC,0xCC,0xCC,0xCC,0xCC,
  0xBB,0xAA,0xCC,0xCC,0xCC,0xCC,0xCC,0xCC,0xCC,0xCC,0xCC,0xCC,0xCC,0xCD,0xEC,0xA9,0xCC,0xCC,0xCC,0xCC,
  0xCC,0xCD,0xEC,0xA9,0xCC,0xCC,0xCC,0xCC,0xCC,0xCD,0xEC,0xAB,0xCC,0xCC,0xCC,0xCC,0xCC,0xCD,0xEC,0xAB,
  0xCC,0xCC,0xCC,0xCC,0xCC,0xCD,0xEC,0xA9,0xCC,0xCC,0xCC,0xCC,0xCC,0xCD,0xEC,0xA9,0xCC,0xCC,0xCC,0xCC,
  0xCC,0xCD,0xAA,0xA9,0xCC,0xCC,0xCC,0xCC,0xCC,0xCD,0xAA,0xA9,0xCC,0xCC,0xCC,0xCC,0xCC,0xCD,0xEC,0xAB,
  0xCC,0xCC,0xCC,0xCC,0xCC,0xCD,0xEC,0xAB,0xCC,0xCC,0xCC,0xCC,0xCC,0xCD,0xEC,0xAA,0xCC,0xCC,0xCC,0xCC,
  0xCC,0xCD,0xEC,0xAA,0xCC,0xCC,0xCC,0xCC,0xCC,0xCD,0xAA,0xAB,0xCC,0xCC,0xCC,0xCC,0xCC,0xCD,0xAA,0xAB,
  0xCC,0xCC,0xCC,0xCC,0xCC,0xCD,0xEA,0xA9,0xCC,0xCC,0xCC,0xCC,0xCC,0xCD,0xEA,0xA9,0x86,0x65,0x79,0x99,
  0xE9,0x99,0x77,0x79,0x86,0x65,0x7B,0x88,0xA9,0x99,0x77,0x79,0x86,0x67,0x98,0x87,0x99,0x89,0x77,0x99,
  0x86,0x65,0x79,0x77,0x99,0x89,0x89,0x99,0x86,0x67,0x8B,0x77,0x99,0x89,0x99,0x99,0x86,0x67,0x98,0x55,
  0x99,0x88,0x88,0x88,0x98,0x67,0x97,0x45,0x99,0x88,0x88,0x88,0x86,0x67,0x97,0x35,0x99,0x99,0x99,0x99,
  0x86,0x65,0x97,0x37,0x9A,0x9A,0x99,0x99,0x86,0x65,0x78,0x77,0x9A,0xEE,0xEE,0xEE,0x96,0x65,0x79,0x75,
  0x9A,0xE8,0x77,0x77,0x86,0x65,0x7B,0x87,0x89,0x87,0x75,0x55,0x86,0x67,0x8B,0x74,0x78,0x85,0x38,0x88,
  0x86,0x67,0x97,0x43,0x44,0x54,0x88,0x66,0x98,0x67,0x97,0x33,0x33,0x53,0x96,0x88,0x96,0x65,0x79,0x74,
  0x33,0x55,0x96,0x86,0x99,0x32,0x68,0x9E,0x68,0x86,0x66,0x66,0x99,0x62,0x99,0x89,0x66,0x66,0x66,0x66,
  0x99,0x76,0x88,0x68,0x66,0x65,0x52,0x22,0x88,0x88,0x66,0x88,0x66,0x62,0x21,0x22,0x88,0x88,0x88,0x88,
  0x62,0x22,0x21,0x12,0x88,0x88,0x86,0x66,0x62,0x22,0x21,0x22,0x88,0x88,0x88,0x66,0x62,0x62,0x21,0x22,
  0x99,0x88,0x86,0x66,0x62,0x22,0x21,0x22,0x99,0x88,0x86,0x66,0x62,0x22,0x21,0x12,0xE9,0x88,0x86,0x66,
  0x62,0x22,0x11,0x12,0x77,0x76,0x52,0x26,0x62,0x22,0x11,0x11,0x53,0x52,0x22,0x26,0x62,0x22,0x11,0x11,
  0x88,0x88,0x66,0x66,0x62,0x22,0x11,0x11,0x66,0x66,0x22,0x66,0x62,0x22,0x21,0x11,0x86,0x66,0x66,0x66,
  0x62,0x21,0x21,0x11,0x66,0x66,0x62,0x26,0x62,0x22,0x21,0x11,0x22,0x68,0x86,0xE9,0x8E,0x8B,0x98,0x88,
  0x22,0x66,0x62,0xE8,0x8E,0x89,0x87,0x88,0x22,0x62,0x62,0x98,0x88,0x77,0x78,0x87,0x22,0x22,0x62,0x85,
  0x74,0x55,0x57,0x74,0x22,0x22,0x22,0x83,0x52,0x43,0x57,0x33,0x22,0x22,0x22,0x85,0x52,0x33,0x57,0x23,
  0x22,0x22,0x22,0x68,0x88,0x83,0x37,0x23,0x22,0x22,0x22,0x66,0x66,0x68,0x57,0x23,0x22,0x22,0x22,0x66,
  0x88,0x68,0x77,0x53,0x22,0x22,0x22,0x62,0x68,0x68,0x33,0x35,0x12,0x22,0x22,0x62,0x28,0x68,0x33,0x33,
  0x11,0x22,0x22,0x62,0x68,0x68,0x33,0x33,0x11,0x22,0x22,0x62,0x68,0x68,0x33,0x33,0x11,0x22,0x22,0x62,
  0x68,0x68,0x33,0x33,0x11,0x22,0x22,0x62,0x68,0x68,0x33,0x33,0x21,0x22,0x22,0x62,0x28,0x68,0x33,0x33,
  0xAA,0x88,0x9B,0xBB,0xBB,0xB9,0x88,0x9B,0x88,0x77,0x78,0x88,0x99,0x98,0x88,0x88,0x77,0x77,0x77,0x77,
  0x78,0x77,0x78,0x87,0x55,0x55,0x55,0x55,0x75,0x55,0x55,0x75,0x33,0x33,0x33,0x33,0x55,0x33,0x35,0x53,
  0x33,0x33,0x33,0x33,0x45,0x23,0x35,0x53,0x33,0x33,0x33,0x33,0x45,0x23,0x35,0x63,0x33,0x33,0x33,0x33,
  0x47,0x53,0x56,0x53,0x33,0x33,0x33,0x33,0x47,0x65,0x57,0x75,0x53,0x33,0x33,0x33,0x57,0x75,0x33,0x35,
  0x35,0x33,0x33,0x33,0x57,0x53,0x33,0x33,0x33,0x55,0x55,0x55,0x77,0x53,0x33,0x33,0x33,0x56,0x53,0x33,
  0x47,0x52,0x33,0x33,0x33,0x45,0x33,0x33,0x34,0x52,0x33,0x33,0x33,0x53,0x33,0x33,0x34,0x52,0x33,0x33,
  0x35,0x33,0x33,0x33,0x35,0x75,0x33,0x35,0x9B,0xB9,0x87,0x55,0x55,0x56,0x55,0x45,0x88,0x88,0x75,0x45,
  0x65,0x55,0x55,0x55,0x77,0x77,0x53,0x34,0x53,0x33,0x35,0x53,0x55,0x55,0x43,0x35,0x53,0x33,0x45,0x33,
  0x33,0x33,0x33,0x35,0x53,0x33,0x55,0x33,0x33,0x33,0x33,0x35,0x53,0x33,0x55,0x33,0x33,0x33,0x33,0x33,
  0x55,0x33,0x55,0x33,0x33,0x33,0x33,0x33,0x55,0x33,0x55,0x33,0x33,0x33,0x33,0x33,0x55,0x54,0x55,0x53,
  0x53,0x33,0x33,0x33,0x57,0x55,0x77,0x65,0x55,0x33,0x33,0x33,0x57,0x53,0x33,0x33,0x35,0x53,0x33,0x33,
  0x55,0x33,0x33,0x33,0x33,0x55,0x33,0x33,0x55,0x33,0x33,0x33,0x33,0x56,0x53,0x35,0x65,0x33,0x33,0x33,
  0x35,0x67,0x66,0x56,0x65,0x33,0x33,0x33,0x55,0x33,0x33,0x33,0x55,0x53,0x33,0x55,0x53,0x33,0x33,0x33,
  0x35,0x65,0x55,0x65,0x33,0x33,0x33,0x33,0x35,0x55,0x56,0x53,0x33,0x33,0x33,0x33,0x55,0x33,0x35,0x33,
  0x33,0x33,0x33,0x35,0x54,0x34,0x35,0x43,0x33,0x33,0x33,0x33,0x53,0x34,0x35,0x53,0x33,0x33,0x33,0x33,
  0x54,0x33,0x35,0x53,0x33,0x33,0x33,0x33,0x55,0x33,0x35,0x53,0x33,0x33,0x33,0x33,0x55,0x53,0x56,0x53,
  0x33,0x33,0x33,0x33,0x57,0x55,0x77,0x55,0x53,0x33,0x33,0x33,0x57,0x75,0x33,0x35,0x55,0x33,0x33,0x35,
  0x67,0x53,0x33,0x33,0x35,0x55,0x55,0x56,0x77,0x33,0x33,0x33,0x34,0x56,0x53,0x33,0x57,0x33,0x33,0x33,
  0x33,0x55,0x33,0x34,0x78,0x43,0x33,0x33,0x35,0x53,0x33,0x38,0x88,0x73,0x33,0x33,0x55,0x33,0x33,0x38,
  0x88,0x84,0x33,0x55,0x57,0x75,0x55,0x53,0x22,0x22,0x22,0x22,0x44,0x55,0x32,0x22,0x22,0x22,0x22,0x22,
  0x33,0x22,0x22,0x22,0x22,0x22,0x22,0x22,0x32,0x22,0x22,0x22,0x22,0x22,0x22,0x22,0x32,0x22,0x22,0x22,
  0x22,0x22,0x22,0x22,0x32,0x22,0x22,0x22,0x22,0x22,0x22,0x22,0x32,0x22,0x22,0x22,0x22,0x22,0x22,0x22,
  0x43,0x22,0x22,0x22,0x22,0x22,0x22,0x22,0x35,0x52,0x22,0x22,0x22,0x22,0x22,0x22,0x57,0x53,0x22,0x22,
  0x22,0x22,0x22,0x22,0x57,0x43,0x32,0x22,0x22,0x22,0x22,0x22,0x35,0x44,0x32,0x22,0x22,0x22,0x22,0x22,
  0x35,0x53,0x33,0x33,0x22,0x22,0x22,0x22,0x35,0x53,0x33,0x33,0x53,0x22,0x22,0x22,0x35,0x43,0x33,0x33,
  0x53,0x32,0x22,0x22,0x57,0x55,0x33,0x35,0x63,0x33,0x32,0x22,0x56,0x89,0xFB,0xF8,0x66,0x62,0x26,0x67,
  0x22,0x68,0x88,0x87,0x66,0x52,0x25,0x66,0x22,0x22,0x55,0x66,0x62,0x22,0x22,0x22,0x22,0x22,0x22,0x25,
  0x22,0x22,0x22,0x22,0x22,0x22,0x22,0x22,0x22,0x22,0x22,0x22,0x22,0x22,0x22,0x22,0x22,0x22,0x22,0x22,
  0x22,0x22,0x22,0x22,0x22,0x22,0x22,0x22,0x22,0x22,0x22,0x22,0x22,0x22,0x22,0x22,0x22,0x22,0x22,0x22,
  0x22,0x22,0x22,0x22,0x22,0x22,0x22,0x22,0x22,0x22,0x22,0x22,0x22,0x22,0x22,0x22,0x22,0x22,0x22,0x22,
  0x22,0x22,0x22,0x22,0x22,0x22,0x22,0x22,0x22,0x22,0x22,0x22,0x22,0x22,0x22,0x22,0x22,0x22,0x22,0x22,
  0x22,0x22,0x22,0x22,0x22,0x22,0x22,0x22,0x22,0x22,0x22,0x22,0x22,0x22,0x22,0x22,0x22,0x22,0x22,0x22,
  0x77,0x77,0x78,0xF7,0x78,0x88,0x88,0x87,0x66,0x66,0x67,0xF7,0x78,0x88,0x88,0x88,0x22,0x36,0x66,0xF7,
  0x78,0x88,0x88,0x88,0x22,0x22,0x66,0xF7,0x77,0x88,0x88,0x88,0x22,0x22,0x26,0xF7,0x77,0x77,0x77,0x77,
  0x22,0x22,0x27,0xF8,0x77,0x77,0x77,0x77,0x22,0x22,0x28,0xF9,0x88,0x88,0x77,0x77,0x22,0x22,0x26,0xF9,
  0x99,0x99,0x87,0x55,0x22,0x22,0x22,0xF9,0x99,0x99,0x75,0x22,0x22,0x22,0x22,0x8D,0xFF,0xCC,0x85,0x22,
  0x22,0x22,0x22,0x68,0x78,0x88,0x65,0x22,0x22,0x22,0x22,0x26,0x66,0x66,0x66,0x62,0x22,0x22,0x22,0x22,
  0x22,0x25,0x22,0x22,0x22,0x22,0x22,0x22,0x22,0x22,0x22,0x22,0x22,0x22,0x22,0x22,0x22,0x22,0x22,0x22,
  0x22,0x22,0x22,0x22,0x22,0x22,0x22,0x22,0x76,0x87,0x76,0x66,0x56,0x67,0x77,0x87,0x87,0x77,0x77,0x77,
  0x77,0x77,0x77,0x78,0x88,0x88,0x77,0x77,0x77,0x77,0x78,0x88,0x88,0x88,0x88,0x88,0x88,0x88,0x88,0x88,
  0x77,0x77,0x77,0x77,0x77,0x77,0x77,0x77,0x77,0x77,0x53,0x22,0x22,0x37,0x77,0x77,0x77,0x77,0x76,0x66,
  0x66,0x67,0x77,0x77,0x55,0x65,0x55,0x56,0x65,0x55,0x55,0x36,0x22,0x22,0x22,0x22,0x22,0x22,0x22,0x25,
  0x25,0x22,0x22,0x22,0x22,0x22,0x22,0x25,0x55,0x52,0x22,0x22,0x22,0x22,0x22,0x25,0x22,0x55,0x52,0x22,
  0x22,0x22,0x22,0x22,0x22,0x25,0x22,0x22,0x22,0x22,0x22,0x22,0x22,0x22,0x22,0x22,0x22,0x22,0x22,0x22,
  0x22,0x25,0x22,0x22,0x22,0x22,0x22,0x52,0x22,0x25,0x22,0x22,0x22,0x22,0x22,0x52,0x77,0x88,0x88,0x77,
  0x99,0x78,0x88,0x87,0x88,0x88,0x88,0x77,0x98,0x76,0x66,0x66,0x88,0x88,0x88,0x77,0x98,0x52,0x33,0x22,
  0x88,0x88,0x88,0x77,0x98,0x32,0x22,0x22,0x77,0x77,0x77,0x77,0x88,0x52,0x22,0x22,0x77,0x77,0x77,0x77,
  0x98,0x52,0x22,0x22,0x77,0x77,0x77,0x77,0x87,0x32,0x22,0x22,0x55,0x55,0x55,0x55,0x65,0x22,0x22,0x22,
  0x22,0x22,0x22,0x22,0x55,0x22,0x22,0x22,0x52,0x22,0x52,0x22,0x22,0x22,0x22,0x22,0x22,0x55,0x22,0x22,
  0x22,0x22,0x22,0x22,0x22,0x25,0x22,0x22,0x22,0x22,0x22,0x22,0x22,0x25,0x22,0x22,0x22,0x22,0x22,0x22,
  0x22,0x25,0x22,0x22,0x22,0x22,0x22,0x22,0x22,0x25,0x22,0x22,0x22,0x22,0x22,0x22,0x22,0x25,0x22,0x22,
  0x22,0x22,0x22,0x22,0x75,0x22,0x22,0x22,0x22,0x22,0x22,0x22,0x55,0x22,0x22,0x22,0x22,0x22,0x22,0x22,
  0x22,0x22,0x22,0x22,0x22,0x22,0x22,0x22,0x22,0x22,0x22,0x22,0x22,0x22,0x22,0x22,0x22,0x22,0x22,0x22,
  0x22,0x22,0x22,0x22,0x22,0x22,0x22,0x22,0x22,0x22,0x22,0x22,0x22,0x22,0x22,0x22,0x22,0x22,0x22,0x22,
  0x22,0x22,0x22,0x22,0x22,0x22,0x22,0x22,0x22,0x22,0x22,0x22,0x22,0x22,0x22,0x22,0x22,0x22,0x22,0x22,
  0x22,0x22,0x22,0x22,0x22,0x22,0x22,0x22,0x22,0x22,0x22,0x22,0x22,0x22,0x22,0x22,0x22,0x22,0x22,0x22,
  0x22,0x22,0x22,0x22,0x22,0x22,0x22,0x22,0x22,0x22,0x22,0x22,0x22,0x22,0x22,0x22,0x22,0x22,0x22,0x22,
  0x22,0x22,0x22,0x22,0x22,0x22,0x22,0x22,0x22,0x22,0x22,0x22,0x22,0x22,0x22,0x22,0x35,0x55,0x57,0x45,
  0x22,0x22,0x22,0x22,0x22,0x36,0x75,0x44,0x22,0x22,0x22,0x22,0x22,0x22,0x53,0x44,0x22,0x22,0x22,0x22,
  0x22,0x22,0x22,0x34,0x22,0x22,0x22,0x22,0x22,0x22,0x22,0x33,0x22,0x22,0x22,0x22,0x22,0x22,0x22,0x33,
  0x22,0x22,0x22,0x22,0x22,0x22,0x22,0x33,0x22,0x22,0x22,0x22,0x22,0x22,0x22,0x34,0x22,0x22,0x22,0x22,
  0x22,0x22,0x55,0x44,0x22,0x22,0x22,0x22,0x22,0x22,0x33,0x55,0x22,0x22,0x22,0x22,0x22,0x23,0x33,0x35,
  0x22,0x22,0x22,0x22,0x22,0x34,0x33,0x34,0x22,0x22,0x22,0x25,0x53,0x34,0x33,0x33,0x22,0x22,0x22,0x33,
  0x53,0x33,0x33,0x33,0x22,0x22,0x23,0x34,0x63,0x44,0x33,0x33,0x22,0x22,0x33,0x33,0x55,0x44,0x35,0x55,
  0x67,0x53,0x33,0x33,0x45,0x75,0x33,0x53,0x45,0x45,0x55,0x55,0x57,0x77,0x55,0x53,0x33,0x33,0x34,0x67,
  0x44,0x47,0x75,0x33,0x33,0x33,0x35,0x45,0x33,0x35,0x73,0x33,0x33,0x33,0x53,0x33,0x33,0x33,0x52,0x33,
  0x33,0x35,0x33,0x33,0x33,0x33,0x73,0x33,0x33,0x56,0x23,0x33,0x33,0x33,0x72,0x33,0x35,0x66,0x53,0x33,
  0x33,0x33,0x75,0x33,0x56,0x43,0x45,0x44,0x33,0x45,0x67,0x53,0x64,0x33,0x34,0x54,0x35,0x56,0x33,0x55,
  0x73,0x33,0x42,0x55,0x56,0x33,0x33,0x37,0x63,0x33,0x43,0x47,0x75,0x33,0x33,0x35,0x63,0x33,0x33,0x35,
  0x43,0x33,0x33,0x34,0x63,0x33,0x33,0x35,0x24,0x49,0x88,0x99,0x53,0x33,0x33,0x36,0x33,0x87,0x76,0x76,
  0x75,0x33,0x33,0x57,0x38,0x86,0x66,0x66,0x33,0x33,0x33,0x34,0x77,0x89,0xCC,0x99,0x33,0x33,0x33,0x33,
  0x54,0x78,0x98,0x88,0x33,0x33,0x33,0x35,0x33,0x47,0x87,0x77,0x33,0x33,0x34,0x53,0x33,0x35,0x74,0x55,
  0x33,0x33,0x33,0x62,0x33,0x36,0x33,0x33,0x33,0x33,0x45,0x62,0x33,0x35,0x23,0x33,0x33,0x33,0x57,0x62,
  0x33,0x45,0x23,0x33,0x33,0x35,0x33,0x35,0x33,0x55,0x23,0x33,0x33,0x53,0x33,0x34,0x55,0x77,0x58,0x88,
  0x55,0x33,0x33,0x33,0x66,0x49,0x84,0x44,0x63,0x33,0x33,0x35,0x54,0x81,0x41,0x11,0x62,0x33,0x88,0x88,
  0x98,0x41,0x11,0x11,0x65,0x38,0x88,0x88,0x81,0x11,0x44,0x44,0x67,0x57,0x99,0x88,0x81,0x44,0x44,0x44,
  0x93,0x33,0x45,0xE9,0x14,0x44,0x44,0x44,0x88,0x43,0x25,0xE9,0x14,0x44,0x44,0x97,0xB9,0x9F,0x77,0x77,
  0x44,0x77,0x77,0x44,0x88,0x89,0x97,0x44,0x41,0x47,0x77,0x74,0x77,0x78,0x92,0x14,0x71,0x37,0x14,0x85,
  0x55,0x78,0x21,0x27,0x11,0x44,0x12,0x74,0x35,0x87,0x13,0x87,0x23,0x27,0x41,0x25,0x58,0x77,0x45,0x86,
  0x67,0x58,0x51,0x54,0x47,0x87,0x76,0x86,0x77,0x88,0x76,0x75,0x45,0x88,0x99,0x99,0x99,0x99,0x98,0x78,
  0x85,0x57,0x88,0x88,0x88,0x88,0x88,0x88,0x48,0x74,0x57,0x77,0x77,0x77,0x77,0x88,0x14,0x48,0x45,0x55,
  0x55,0x55,0x75,0x57,0x41,0x14,0x88,0x88,0x87,0x45,0x54,0x45,0x44,0x41,0x79,0x88,0x88,0x85,0x53,0x35,
  0x44,0x74,0x49,0x88,0x98,0x55,0x52,0x35,0x44,0x47,0x44,0x98,0x55,0x35,0x65,0x56,0x44,0x47,0x44,0xB8,
  0x43,0x35,0x76,0x55,0x47,0x77,0x9F,0xEE,0xA8,0x56,0x66,0x56,0x47,0x47,0x99,0x99,0x96,0x26,0x66,0x22,
  0x15,0x53,0x78,0x88,0x86,0x26,0x62,0x22,0x17,0x42,0x57,0x75,0x76,0x22,0x22,0x22,0x67,0x77,0x77,0x72,
  0x66,0x22,0x22,0x22,0x36,0x86,0x88,0x52,0x66,0x22,0x22,0x22,0x56,0x88,0x87,0x22,0x56,0x22,0x22,0x22,
  0x99,0x98,0x73,0x22,0x22,0x22,0x22,0x22,0x88,0x87,0x52,0x22,0x52,0x22,0x22,0x22,0x77,0x75,0x32,0x22,
  0x62,0x22,0x22,0x22,0x74,0x43,0x22,0x22,0x62,0x22,0x22,0x11,0x52,0x33,0x22,0x22,0x62,0x22,0x22,0x11,
  0x55,0x33,0x22,0x22,0x22,0x22,0x22,0x11,0x76,0x55,0x55,0x22,0x22,0x22,0x22,0x11,0x52,0x32,0x22,0x22,
  0x22,0x22,0x22,0x11,0x33,0x32,0x22,0x22,0x22,0x22,0x22,0x21,0x66,0x66,0x66,0x68,0x86,0x66,0x56,0x56,
  0x66,0x66,0x66,0x68,0x62,0x66,0x25,0x56,0x22,0x22,0x66,0x68,0x66,0x66,0x55,0x56,0x22,0x22,0x25,0x68,
  0x88,0x86,0x65,0x56,0x21,0x12,0x22,0x68,0x86,0x88,0x66,0x87,0x21,0x12,0x22,0x26,0x66,0x66,0x68,0x88,
  0x22,0x22,0x62,0x66,0x66,0x66,0x68,0x88,0x21,0x22,0x22,0x26,0x66,0x88,0x88,0x89,0x21,0x12,0x22,0x26,
  0x66,0x88,0x88,0x89,0x11,0x12,0x22,0x26,0x66,0x68,0x88,0x9E,0x11,0x11,0x22,0x26,0x62,0x26,0x66,0x78,
  0x11,0x11,0x22,0x26,0x52,0x22,0x33,0x37,0x11,0x11,0x22,0x26,0x22,0x22,0x22,0x35,0x11,0x12,0x22,0x26,
  0x22,0x22,0x22,0x34,0x11,0x12,0x22,0x26,0x22,0x68,0x88,0x65,0x11,0x22,0x22,0x26,0x66,0x22,0x66,0x89,
  0x66,0x66,0x88,0xAA,0xBF,0x87,0x56,0x89,0x66,0x88,0x88,0xE9,0x8A,0x97,0x56,0x89,0x68,0x98,0x88,0xE8,
  0x78,0x97,0x56,0x89,0x88,0x88,0x88,0xE7,0x78,0x87,0x56,0x89,0x88,0x88,0x99,0xE7,0x49,0x97,0x56,0x89,
  0x88,0x88,0x88,0xE7,0x57,0x97,0x56,0x89,0x89,0x99,0x88,0xE7,0x54,0x97,0x76,0x89,0x99,0x99,0x99,0xE8,
  0x54,0x97,0x76,0x89,0x99,0x99,0x99,0xE8,0x78,0x87,0x56,0x89,0xEE,0xEE,0xEA,0xE8,0x79,0x87,0x56,0x89,
  0x77,0x77,0xAA,0xE8,0x49,0x97,0x56,0x89,0x77,0x77,0x89,0x87,0x47,0x97,0x56,0x89,0x57,0x54,0x77,0x87,
  0x44,0x97,0x56,0x89,0x54,0x33,0x44,0x45,0x44,0x97,0x55,0x89,0x43,0x33,0x33,0x35,0x48,0x87,0x86,0x89,
  0x54,0x43,0x33,0x35,0x59,0x87,0x76,0x89,0xB9,0xBA,0xCC,0xCC,0xCC,0xCC,0xCC,0xCC,0xB9,0xBA,0xCC,0xCC,
  0xCC,0xCC,0xCC,0xCC,0xB9,0xBA,0xCC,0xCC,0xCC,0xCC,0xCC,0xCC,0xB9,0xBA,0xCC,0xCC,0xCC,0xCC,0xCC,0xCC,
  0xC9,0xBC,0xCC,0xCC,0xCC,0xCC,0xCC,0xCC,0xC9,0xBC,0xCC,0xCC,0xCC,0xCC,0xCC,0xCC,0xDB,0xCD,0xCC,0xCC,
  0xCC,0xCC,0xCC,0xCC,0xBB,0xCD,0xCC,0xCC,0xCC,0xCC,0xCC,0xCC,0xA9,0xBE,0xCC,0xCC,0xCC,0xCC,0xCC,0xCC,
  0xA9,0xBE,0xCC,0xCC,0xCC,0xCC,0xCC,0xCC,0xE9,0xBA,0xCC,0xCC,0xCC,0xCC,0xCC,0xCC,0xA9,0xBA,0xCC,0xCC,
  0xCC,0xCC,0xCC,0xCC,0xC9,0xBC,0xCC,0xCC,0xCC,0xCC,0xCC,0xCC,0xC9,0xBC,0xCC,0xCC,0xCC,0xCC,0xCC,0xCC,
  0xDC,0xCD,0xCC,0xCC,0xCC,0xCC,0xCC,0xCC,0xBB,0xCD,0xCC,0xCC,0xCC,0xCC,0xCC,0xCC,0xCC,0xCC,0xCC,0xCC,
  0xCC,0xCD,0xAA,0xAB,0xCC,0xCC,0xCC,0xCC,0xCC,0xCD,0xAA,0xAB,0xCC,0xCC,0xCC,0xCC,0xCC,0xCD,0xEA,0xA9,
  0xCC,0xCC,0xCC,0xCC,0xCC,0xCD,0xEA,0xA9,0xCC,0xCC,0xCC,0xCC,0xCC,0xCD,0xEA,0xA9,0xCC,0xCC,0xCC,0xCC,
  0xCC,0xCD,0xEA,0xA9,0xCC,0xCC,0xCC,0xCC,0xCC,0xCD,0xEA,0xA9,0xCC,0xCC,0xCC,0xCC,0xCC,0xCD,0xEC,0xA9,
  0xCC,0xCC,0xCC,0xCC,0xCC,0xCD,0xEC,0xAB,0xCC,0xCC,0xCC,0xCC,0xCC,0xCD,0xEC,0xAB,0xCC,0xCC,0xCC,0xCC,
  0xCC,0xCD,0xEC,0xAE,0xCC,0xCC,0xCC,0xCC,0xCC,0xCD,0xEC,0xAB,0xCC,0xCC,0xCC,0xCC,0xCC,0xCD,0xAC,0xAB,
  0xCC,0xCC,0xCC,0xCC,0xCC,0xCD,0xAC,0xAB,0xCC,0xCC,0xCC,0xCC,0xCC,0xCD,0xEA,0xA9,0xCC,0xCC,0xCC,0xCC,
  0xCC,0xCD,0xEA,0xA9,0x86,0x65,0x79,0x73,0x33,0x57,0x96,0x86,0x86,0x65,0x7B,0x73,0x33,0x53,0x96,0x86,
  0x86,0x67,0x97,0x43,0x35,0x53,0x96,0x86,0x86,0x65,0x79,0x73,0x55,0x33,0x96,0x86,0x86,0x67,0x8C,0x73,
  0x54,0x33,0x96,0x86,0x86,0x67,0x97,0x43,0x57,0x53,0x96,0x86,0x98,0x67,0x97,0x33,0x57,0x55,0x96,0x86,
  0x86,0x65,0x97,0x35,0x42,0x32,0x96,0x86,0x86,0x65,0x97,0x53,0x33,0x33,0x96,0x88,0x86,0x65,0x79,0x74,
  0x33,0x33,0x96,0x66,0x96,0x65,0x79,0x74,0x33,0x33,0x98,0x88,0x86,0x65,0x7D,0x73,0x33,0x33,0x98,0x9A,
  0x86,0x67,0x8A,0x73,0x33,0x33,0x98,0x98,0x86,0x67,0x97,0x33,0x33,0x33,0x98,0x98,0x98,0x67,0x97,0x33,
  0x33,0x35,0x98,0x98,0x86,0x67,0x79,0x74,0x33,0x35,0x98,0x98,0x66,0x66,0x62,0x26,0x62,0x22,0x22,0x12,
  0x68,0x66,0x62,0x26,0x62,0x22,0x62,0x22,0x68,0x66,0x66,0x26,0x62,0x22,0x22,0x22,0x68,0x66,0x66,0x66,
  0x62,0x22,0x26,0x66,0x68,0x66,0x66,0x68,0x62,0x22,0x26,0x68,0x68,0x66,0x86,0x68,0x62,0x22,0x26,0x66,
  0x68,0x66,0x86,0x68,0x66,0x62,0x22,0x62,0x68,0x66,0x86,0x68,0x66,0x66,0x62,0x62,0x88,0x88,0x88,0x89,
  0x66,0x66,0x62,0x62,0x66,0x66,0x69,0x99,0x86,0x66,0x65,0x62,0x88,0x88,0x89,0x89,0x86,0x88,0x66,0x62,
  0x99,0x99,0x9D,0x79,0x86,0x86,0x66,0x66,0x89,0x88,0x9D,0x78,0x86,0x86,0x66,0x66,0x88,0x88,0x9A,0x78,
  0x86,0x66,0x66,0x66,0x88,0x88,0x9A,0x78,0x86,0x66,0x66,0x69,0x88,0x88,0x9A,0x78,0x88,0x66,0x66,0x81,
  0x21,0x22,0x22,0x66,0x68,0x68,0x33,0x35,0x61,0x22,0x22,0x66,0x66,0x69,0x56,0x65,0x22,0x22,0x22,0x66,
  0x66,0x8A,0x37,0x63,0x22,0x22,0x22,0x88,0x88,0x8A,0x35,0x62,0x22,0x22,0x22,0x88,0x89,0x89,0x34,0x52,
  0x22,0x22,0x22,0x88,0x89,0x8A,0x54,0x52,0x22,0x62,0x62,0x88,0x89,0x9A,0x74,0x52,0x22,0x62,0x22,0xE8,
  0x89,0x9A,0x74,0x77,0x62,0x62,0x22,0xE9,0x99,0x9A,0x75,0x78,0x22,0x66,0x62,0x9B,0xA9,0x9A,0xEE,0xA8,
  0x26,0x66,0x62,0x97,0xA9,0x91,0x88,0x88,0x26,0x66,0x62,0x8E,0x91,0x81,0x88,0x8E,0x26,0x66,0x99,0xE8,
  0x82,0x82,0x9E,0xA5,0x26,0x6E,0x88,0x88,0x83,0x83,0x85,0x45,0xEE,0xE8,0x8E,0xEE,0xE9,0x88,0x33,0x35,
  0x88,0x88,0xA6,0x97,0xA9,0x69,0x33,0x35,0x53,0x33,0x33,0x33,0x35,0x76,0x66,0x55,0x33,0x33,0x33,0x33,
  0x35,0x52,0x47,0x52,0x33,0x33,0x33,0x33,0x35,0x33,0x35,0x52,0x33,0x33,0x33,0x33,0x53,0x33,0x35,0x52,
  0x33,0x33,0x35,0x83,0x52,0x33,0x35,0x52,0x33,0x33,0x58,0x88,0x55,0x33,0x55,0x52,0x43,0x47,0x98,0x8A,
  0x77,0x55,0x56,0x52,0x85,0x9E,0xA8,0x68,0x93,0x23,0x36,0x52,0x18,0x28,0x88,0x88,0x93,0x34,0x44,0x75,
  0x18,0x29,0xEA,0x88,0x93,0x33,0x43,0x37,0x28,0x58,0x75,0x98,0x94,0x33,0x34,0x45,0x98,0x58,0x25,0x98,
  0x88,0x43,0x35,0x52,0x59,0x88,0x39,0xA8,0x89,0x43,0x35,0x53,0x98,0x85,0x3E,0xA8,0x88,0x43,0x55,0x33,
  0x98,0x85,0x3E,0xA8,0x89,0x43,0x55,0x33,0x98,0x85,0x4E,0xA9,0x89,0x93,0x53,0x33,0x33,0x33,0x33,0x33,
  0x35,0x65,0x56,0x65,0x23,0x33,0x33,0x33,0x35,0x52,0x57,0x53,0x33,0x33,0x33,0x33,0x55,0x33,0x35,0x53,
  0x33,0x33,0x33,0x55,0x34,0x33,0x35,0x53,0x33,0x33,0x35,0x53,0x33,0x33,0x35,0x52,0x33,0x33,0x45,0x33,
  0x33,0x33,0x35,0x52,0x33,0x35,0x65,0x33,0x33,0x33,0x35,0x53,0x33,0x56,0x76,0x53,0x33,0x33,0x35,0x65,
  0x44,0x75,0x22,0x55,0x33,0x33,0x57,0x76,0x57,0x53,0x33,0x35,0x53,0x56,0x65,0x25,0x47,0x53,0x33,0x35,
  0x76,0x65,0x23,0x33,0x33,0x53,0x33,0x33,0x47,0x53,0x33,0x33,0x35,0x53,0x33,0x33,0x55,0x33,0x33,0x33,
  0x35,0x53,0x33,0x33,0x55,0x33,0x33,0x33,0x35,0x52,0x33,0x33,0x55,0x33,0x33,0x33,0x56,0x65,0x33,0x35,
  0x65,0x33,0x33,0x33,0x33,0x33,0x33,0x35,0x78,0x87,0x55,0x75,0x33,0x33,0x33,0x33,0x78,0x97,0x57,0x42,
  0x33,0x33,0x33,0x33,0x58,0x88,0x75,0x33,0x33,0x33,0x33,0x35,0x58,0x87,0x87,0x33,0x33,0x33,0x33,0x35,
  0x57,0x77,0x78,0x73,0x33,0x33,0x33,0x35,0x57,0x77,0x78,0x74,0x33,0x33,0x33,0x33,0x55,0x87,0x77,0x87,
  0x33,0x33,0x33,0x33,0x55,0x87,0x77,0x87,0x53,0x33,0x33,0x33,0x56,0x58,0x77,0x47,0x53,0x33,0x33,0x33,
  0x57,0x78,0x77,0x77,0x55,0x33,0x33,0x33,0x57,0x48,0xB7,0x74,0x35,0x53,0x33,0x33,0x55,0x89,0x97,0x44,
  0x33,0x55,0x43,0x33,0x58,0x99,0x99,0x74,0x33,0x56,0x53,0x35,0x89,0x99,0x89,0x74,0x35,0x77,0x76,0x78,
  0x99,0x98,0x79,0x97,0x55,0x33,0x33,0x48,0x99,0x97,0x99,0x97,0x56,0x76,0x55,0x57,0x75,0x43,0x33,0x52,
  0x33,0x33,0x33,0x57,0x67,0x65,0x76,0x63,0x33,0x33,0x33,0x35,0x75,0x33,0x57,0x43,0x33,0x33,0x33,0x35,
  0x43,0x33,0x36,0x34,0x33,0x33,0x33,0x56,0x75,0x43,0x54,0x44,0x43,0x33,0x45,0x77,0x75,0x55,0x63,0x34,
  0x33,0x34,0x54,0x33,0x33,0x25,0x73,0x33,0x48,0xEE,0xEE,0xEE,0xEE,0xEE,0xFE,0x53,0xF9,0x78,0x77,0x77,
  0x77,0x77,0x87,0xFF,0x99,0x99,0x99,0x99,0x99,0x99,0x99,0x88,0x79,0x87,0x77,0x74,0x77,0x77,0x79,0x9B,
  0x87,0x77,0x77,0x77,0x77,0x77,0x77,0x47,0x47,0x97,0x77,0x99,0x77,0x77,0x77,0x77,0x48,0x97,0x77,0x77,
  0x77,0x77,0x77,0x99,0x74,0x79,0x77,0x77,0x79,0x99,0x77,0x97,0x44,0x78,0x79,0x97,0x79,0x99,0x99,0x88,
  0x22,0x22,0x22,0x22,0x22,0x22,0x22,0x22,0x22,0x22,0x22,0x22,0x22,0x22,0x22,0x22,0x32,0x22,0x22,0x22,
  0x22,0x22,0x22,0x22,0x33,0x33,0x33,0x22,0x22,0x22,0x22,0x22,0x33,0x33,0x44,0x36,0x2A,0x22,0x22,0x22,
  0x33,0x33,0x33,0x57,0x97,0x83,0x32,0x22,0x33,0x33,0x35,0x79,0x7B,0x74,0x62,0x33,0x33,0x33,0x59,0xB8,
  0xB5,0x55,0x53,0x34,0xF5,0x35,0x98,0x8B,0x47,0x67,0x66,0x33,0x89,0xAA,0x88,0x7B,0x57,0x73,0x33,0x55,
  0x99,0x97,0x77,0x97,0x47,0x34,0x33,0x33,0x9B,0x77,0x7B,0x74,0x47,0x34,0x33,0x33,0x97,0x77,0x9F,0x73,
  0x53,0x33,0x33,0x33,0x77,0x79,0x98,0xA7,0x72,0x33,0x33,0x33,0x77,0x97,0x99,0x8F,0x72,0x33,0x33,0x33,
  0x79,0x99,0x79,0x8F,0x72,0x33,0x33,0x33,0x22,0x22,0x22,0x22,0x22,0x22,0x22,0x22,0x22,0x22,0x22,0x22,
  0x22,0x22,0x22,0x22,0x22,0x22,0x22,0x22,0x22,0x22,0x22,0x22,0x22,0x22,0x22,0x22,0x22,0x22,0x25,0x53,
  0x22,0x22,0x22,0x22,0x22,0x22,0x22,0x55,0x22,0x22,0x22,0x22,0x22,0x22,0x22,0x55,0x22,0x22,0x22,0x22,
  0x22,0x22,0x22,0x22,0x33,0x33,0x22,0x22,0x22,0x22,0x22,0x22,0x34,0x33,0x36,0x23,0x32,0x22,0x22,0x35,
  0x55,0x55,0x53,0x33,0x33,0x33,0x33,0x52,0x35,0x77,0x33,0x33,0x44,0x43,0x35,0x22,0x33,0x52,0x33,0x33,
  0x33,0x33,0x55,0x33,0x33,0x62,0x33,0x33,0x33,0x33,0x55,0x33,0x33,0x62,0x33,0x33,0x33,0x33,0x53,0x33,
  0x33,0x62,0x33,0x33,0x33,0x33,0x53,0x33,0x35,0x62,0x33,0x33,0x33,0x35,0x33,0x33,0x22,0x25,0x22,0x22,
  0x22,0x22,0x22,0x52,0x22,0x25,0x62,0x22,0x22,0x22,0x22,0x56,0x22,0x52,0x25,0x22,0x22,0x22,0x22,0x55,
  0x52,0x22,0x22,0x22,0x22,0x22,0x22,0x55,0x32,0x22,0x22,0x22,0x22,0x22,0x25,0x55,0x22,0x22,0x22,0x68,
  0x65,0x32,0x22,0x55,0x55,0x22,0x22,0x55,0x22,0x22,0x22,0x22,0x52,0x22,0x22,0x25,0x22,0x22,0x22,0x22,
  0x22,0x22,0x22,0x25,0x22,0x22,0x33,0x33,0x22,0x22,0x22,0x25,0x65,0x55,0x65,0x55,0x22,0x22,0x22,0x35,
  0x55,0x66,0x52,0x22,0x33,0x33,0x32,0x35,0x22,0x56,0x22,0x33,0x33,0x33,0x35,0x52,0x33,0x25,0x23,0x33,
  0x33,0x33,0x35,0x33,0x33,0x25,0x33,0x33,0x33,0x33,0x33,0x52,0x33,0x36,0x33,0x33,0x33,0x33,0x33,0x52,
  0x33,0x36,0x33,0x33,0x22,0x25,0x22,0x22,0x22,0x22,0x22,0x22,0x22,0x55,0x22,0x22,0x23,0x22,0x22,0x22,
  0x52,0x22,0x22,0x33,0x52,0x22,0x52,0x22,0x22,0x22,0x22,0x25,0x52,0x22,0x22,0x22,0x22,0x22,0x22,0x23,
  0x52,0x22,0x22,0x22,0x22,0x22,0x22,0x22,0x52,0x22,0x22,0x22,0x52,0x23,0x88,0x85,0x57,0x56,0x22,0x22,
  0x63,0x22,0x28,0x52,0x26,0x56,0x53,0x33,0x66,0x33,0x22,0x22,0x26,0x57,0x75,0x33,0x55,0x55,0x53,0x55,
  0x66,0x67,0x66,0x56,0x22,0x22,0x56,0x65,0x55,0x54,0x22,0x23,0x33,0x33,0x26,0x52,0x23,0x55,0x33,0x33,
  0x33,0x33,0x36,0x33,0x33,0x45,0x33,0x33,0x33,0x33,0x56,0x33,0x33,0x55,0x33,0x33,0x33,0x35,0x66,0x75,
  0x55,0x53,0x33,0x33,0x33,0x55,0x55,0x55,0x57,0x53,0x35,0x65,0x22,0x22,0x22,0x22,0x22,0x22,0x22,0x22,
  0x22,0x22,0x22,0x23,0x22,0x22,0x22,0x22,0x22,0x22,0x22,0x22,0x22,0x22,0x22,0x22,0x22,0x22,0x22,0x22,
  0x22,0x33,0x53,0x33,0x22,0x22,0x22,0x56,0x53,0x35,0x53,0x33,0x22,0x22,0x55,0x66,0x65,0x56,0x43,0x33,
  0x33,0x35,0x53,0x33,0x33,0x56,0x43,0x33,0x33,0x55,0x44,0x33,0x33,0x35,0x43,0x33,0x35,0x53,0x33,0x33,
  0x33,0x33,0x55,0x33,0x66,0x53,0x33,0x33,0x33,0x33,0x56,0x65,0x56,0x53,0x33,0x33,0x33,0x33,0x57,0x35,
  0x35,0x53,0x33,0x33,0x33,0x33,0x53,0x33,0x35,0x53,0x33,0x33,0x33,0x33,0x53,0x33,0x33,0x55,0x33,0x33,
  0x33,0x33,0x53,0x33,0x33,0x35,0x53,0x33,0x33,0x33,0x56,0x43,0x33,0x35,0x65,0x33,0x33,0x33,0x56,0x65,
  0x23,0x33,0x33,0x33,0x67,0x55,0x56,0x35,0x33,0x33,0x33,0x33,0x63,0x35,0x73,0x23,0x33,0x33,0x33,0x35,
  0x33,0x33,0x53,0x33,0x33,0x33,0x33,0x53,0x33,0x32,0x53,0x33,0x33,0x33,0x33,0x35,0x33,0x33,0x53,0x33,
  0x33,0x33,0x33,0x35,0x33,0x33,0x55,0x33,0x33,0x33,0x33,0x35,0x33,0x33,0x53,0x33,0x33,0x33,0x33,0x35,
  0x65,0x35,0x65,0x33,0x33,0x33,0x33,0x35,0x66,0x67,0x66,0x33,0x33,0x33,0x33,0x35,0x67,0x33,0x33,0x56,
  0x53,0x33,0x33,0x56,0x73,0x33,0x33,0x33,0x56,0x66,0x66,0x76,0x73,0x33,0x33,0x33,0x35,0x63,0x33,0x35,
  0x74,0x33,0x33,0x33,0x35,0x33,0x33,0x33,0x53,0x33,0x33,0x33,0x54,0x34,0x33,0x33,0x53,0x33,0x44,0x44,
  0x89,0xAA,0x99,0x99,0x99,0x99,0x99,0x74,0x77,0x55,0x55,0x77,0x59,0x66,0x66,0x66,0x33,0x32,0x35,0x77,
  0x69,0x66,0x66,0x66,0x33,0x33,0x34,0x57,0x39,0x86,0x66,0x66,0x33,0x33,0x34,0x54,0x39,0x66,0x88,0x86,
  0x33,0x33,0x36,0x66,0x45,0x96,0x66,0x66,0x33,0x33,0x56,0x66,0x55,0xA9,0x99,0x99,0x33,0x35,0x33,0x33,
  0x35,0xA8,0xE7,0xA8,0x33,0x53,0x33,0x33,0x37,0x98,0xE7,0x98,0x35,0x33,0x33,0x33,0x37,0x79,0x87,0x7A,
  0x67,0x23,0x33,0x33,0x34,0x77,0x77,0x78,0x56,0x23,0x33,0x33,0x33,0x44,0x77,0x47,0x25,0x23,0x33,0x33,
  0x33,0x34,0x73,0x44,0x35,0x23,0x33,0x33,0x33,0x33,0x63,0x33,0x33,0x53,0x33,0x33,0x33,0x33,0x63,0x33,
  0x33,0x35,0x33,0x33,0x33,0x33,0x66,0x57,0x33,0x36,0x63,0x33,0x33,0x33,0x76,0x66,0x69,0x43,0x59,0x89,
  0x44,0x44,0x49,0x89,0x69,0x43,0x4A,0x89,0x44,0x44,0x4B,0x89,0x69,0x43,0x8E,0x9A,0x99,0x99,0x9E,0x9A,
  0x69,0x49,0x88,0x88,0x88,0x88,0x88,0x88,0x95,0x35,0xAA,0x88,0x8A,0xAA,0xAA,0xAA,0xA3,0x33,0x78,0xA8,
  0xA9,0x77,0x77,0x77,0x97,0x33,0x77,0xE8,0x97,0x87,0x74,0x44,0xA7,0x35,0x49,0x89,0x77,0x89,0x97,0x77,
  0x77,0x72,0x5A,0x8A,0x77,0x77,0x89,0x99,0x75,0x33,0x98,0x97,0x77,0x77,0x78,0x88,0x73,0x33,0xA8,0xE7,
  0x77,0x77,0x77,0x77,0x52,0x33,0x5A,0x77,0x54,0x47,0x77,0x77,0x65,0x33,0x35,0x45,0x33,0x44,0x44,0x45,
  0x67,0x66,0x66,0x55,0x23,0x33,0x44,0x45,0x62,0x22,0x23,0x75,0x23,0x33,0x33,0x35,0x33,0x33,0x33,0x35,
  0x23,0x33,0x33,0x36,0x94,0x44,0x47,0x98,0x83,0x56,0x65,0x33,0x94,0x44,0x77,0x98,0x97,0x77,0x53,0x33,
  0xA9,0x99,0x99,0xAA,0xE8,0x45,0x53,0x33,0x88,0x88,0x88,0x88,0x88,0x85,0x53,0x33,0xEE,0xAE,0x98,0x88,
  0xE8,0x55,0x52,0x33,0x77,0x77,0xA9,0x88,0x75,0x35,0x52,0x33,0x77,0x78,0x79,0x88,0x44,0x35,0x52,0x33,
  0x79,0x97,0x78,0x98,0x84,0x35,0x65,0x33,0x97,0x77,0x78,0xA8,0x84,0x46,0x77,0x53,0x77,0x77,0x77,0x89,
  0x88,0x75,0x33,0x65,0x77,0x77,0x77,0x89,0x88,0x33,0x33,0x25,0x77,0x77,0x34,0x48,0x84,0x33,0x33,0x33,
  0x73,0x44,0x33,0x45,0x43,0x33,0x33,0x33,0x52,0x44,0x33,0x45,0x33,0x33,0x33,0x33,0x52,0x44,0x33,0x45,
  0x33,0x33,0x33,0x33,0x75,0x44,0x35,0x75,0x33,0x33,0x33,0x35,0x33,0x33,0x22,0x22,0x62,0x22,0x22,0x22,
  0x33,0x33,0x32,0x55,0x62,0x22,0x22,0x22,0x33,0x33,0x32,0x33,0x52,0x22,0x22,0x22,0x33,0x33,0x33,0x32,
  0x66,0x22,0x22,0x26,0x33,0x33,0x45,0x52,0x66,0x22,0x22,0x26,0x33,0x33,0x45,0x55,0x66,0x22,0x22,0x26,
  0x33,0x33,0x45,0x76,0x86,0x22,0x62,0x22,0x33,0x33,0x55,0x33,0x76,0x22,0x65,0x62,0x33,0x35,0x53,0x44,
  0x76,0x22,0x66,0x62,0x66,0x65,0x33,0x79,0x96,0x26,0x66,0x22,0x66,0x53,0x33,0x79,0x86,0x26,0x66,0x52,
  0x35,0x33,0x33,0x78,0x76,0x26,0x66,0x55,0x55,0x33,0x33,0x78,0x76,0x26,0x66,0x55,0x55,0x33,0x33,0x78,
  0x76,0x26,0x66,0x65,0x55,0x23,0x33,0x78,0x76,0x26,0x66,0x65,0x65,0x23,0x35,0x88,0x76,0x66,0x66,0x66,
  0x11,0x22,0x22,0x26,0x52,0x26,0x66,0x66,0x22,0x22,0x22,0x26,0x22,0x66,0x26,0x86,0x22,0x22,0x22,0x26,
  0x66,0x66,0x66,0x66,0x66,0x62,0x22,0x26,0x62,0x66,0x66,0x66,0x68,0x62,0x22,0x28,0x66,0x66,0x66,0x66,
  0x68,0x62,0x22,0x68,0x62,0x66,0x66,0x66,0x66,0x22,0x66,0x68,0x86,0x66,0x66,0x66,0x66,0x66,0x66,0x68,
  0x66,0x86,0x66,0x86,0x66,0x66,0x66,0x68,0x66,0x66,0x86,0x66,0x66,0x66,0x66,0x68,0x99,0x66,0x66,0x68,
  0x66,0x66,0x86,0x88,0x89,0x88,0x88,0x66,0x66,0x66,0x66,0x88,0x89,0x88,0x68,0x44,0x66,0x66,0x66,0x68,
  0x89,0x74,0x44,0x77,0x66,0x66,0x66,0x68,0x89,0x77,0x77,0x78,0x66,0x66,0x66,0x68,0x89,0x88,0x88,0x86,
  0x66,0x66,0x66,0x88,0x89,0x86,0x68,0x77,0x85,0x43,0x33,0x36,0x79,0x87,0x56,0x89,0x68,0x63,0x33,0x36,
  0x49,0x97,0x56,0x89,0x66,0x85,0x33,0x53,0x35,0x97,0x56,0x89,0x86,0x87,0x35,0x33,0x38,0x87,0x56,0x89,
  0x86,0x87,0x35,0x33,0x39,0x97,0x56,0x89,0x86,0x86,0x35,0x54,0x35,0x97,0x56,0x89,0x65,0x87,0x35,0x65,
  0x55,0xA7,0x86,0x89,0x58,0x89,0x74,0x23,0x23,0x97,0x66,0x89,0x88,0x7B,0x53,0x33,0x38,0x87,0x56,0x89,
  0x87,0x7B,0x53,0x33,0x49,0x87,0x56,0x89,0x77,0x97,0x44,0x33,0x49,0x97,0x56,0x89,0x78,0x8D,0x53,0x33,
  0x34,0x97,0x56,0x89,0x88,0x7B,0x73,0x33,0x33,0x97,0x56,0x89,0x87,0x7D,0x53,0x33,0x34,0x97,0x66,0x89,
  0x77,0x98,0x43,0x33,0x39,0x87,0x86,0x89,0x79,0xE7,0x43,0x33,0x39,0x87,0x56,0x89,0xB9,0xBA,0xDC,0xCC,
  0xCC,0xCC,0xCC,0xCC,0xB9,0xBA,0xDC,0xCC,0xCC,0xCC,0xCC,0xCC,0xC9,0xBE,0xDC,0xCC,0xCC,0xCC,0xCC,0xCC,
  0xC9,0xBE,0xDC,0xCC,0xCC,0xCC,0xCC,0xCC,0xC9,0xBC,0xCC,0xCC,0xCC,0xCC,0xCC,0xCC,0xC9,0xBC,0xCC,0xCC,
  0xCC,0xCC,0xCC,0xCC,0xCB,0xFD,0xCC,0xCC,0xCC,0xCC,0xCC,0xCC,0xCB,0xBC,0xCC,0xCC,0xCC,0xCC,0xCC,0xCC,
  0xD9,0xBD,0xCC,0xCC,0xCC,0xCC,0xCC,0xCC,0xD9,0xBD,0xCC,0xCC,0xCC,0xCC,0xCC,0xCC,0xD9,0xBD,0xCC,0xCC,
  0xCC,0xCC,0xCC,0xCC,0xB9,0xBD,0xCC,0xCC,0xCC,0xCC,0xCC,0xCC,0xA9,0xBE,0xCC,0xCC,0xCC,0xCC,0xCC,0xCC,
  0xA9,0xBE,0xCC,0xCC,0xCC,0xCC,0xCC,0xCC,0xAB,0xDE,0xCC,0xCC,0xCC,0xCC,0xCC,0xCC,0xAB,0xBE,0xCC,0xCC,
  0xCC,0xCC,0xCC,0xCC,0xCC,0xCC,0xCC,0xCC,0xCC,0xCD,0xEC,0xA9,0xCC,0xCC,0xCC,0xCC,0xCC,0xCD,0xEC,0xA9,
  0xCC,0xCC,0xCC,0xCC,0xCC,0xCD,0xEC,0xAB,0xCC,0xCC,0xCC,0xCC,0xCC,0xCD,0xEC,0xAB,0xCC,0xCC,0xCC,0xCC,
  0xCC,0xCD,0xAA,0xA9,0xCC,0xCC,0xCC,0xCC,0xCC,0xCD,0xAA,0xA9,0xCC,0xCC,0xCC,0xCC,0xCC,0xCD,0xEA,0xA9,
  0xCC,0xCC,0xCC,0xCC,0xCC,0xCD,0xEA,0xA9,0xCC,0xCC,0xCC,0xCC,0xCC,0xCD,0xEC,0xA9,0xCC,0xCC,0xCC,0xCC,
  0xCC,0xCD,0xAA,0xAB,0xCC,0xCC,0xCC,0xCC,0xCC,0xCD,0xEA,0xAE,0xCC,0xCC,0xCC,0xCC,0xCC,0xCD,0xEA,0xA9,
  0xCC,0xCC,0xCC,0xCC,0xCC,0xCD,0xEA,0xA9,0xCC,0xCC,0xCC,0xCC,0xCC,0xCD,0xEA,0xA9,0xCC,0xCC,0xCC,0xCC,
  0xCC,0xCD,0xAA,0xA9,0xCC,0xCC,0xCC,0xCC,0xCC,0xCD,0xEC,0xA9,0x86,0x65,0x79,0x74,0x44,0x47,0xA9,0x98,
  0x86,0x65,0x79,0x86,0x77,0x77,0x99,0x98,0x86,0x67,0x97,0x22,0x57,0x45,0x99,0x99,0x86,0x65,0x79,0x73,
  0x54,0x35,0x99,0x98,0x86,0x67,0x89,0x74,0x54,0x37,0x78,0xAA,0x86,0x67,0x97,0x34,0x57,0x57,0x77,0x77,
  0x98,0x67,0x97,0x33,0x55,0x55,0x77,0x77,0x86,0x65,0x87,0x35,0x32,0x22,0x25,0x74,0x86,0x65,0x97,0x53,
  0x33,0x33,0x33,0x56,0x86,0x65,0x79,0x74,0x33,0x33,0x33,0x35,0x96,0x65,0x79,0x74,0x33,0x33,0x33,0x35,
  0x86,0x65,0x8D,0x73,0x33,0x33,0x33,0x53,0x86,0x67,0x89,0x73,0x33,0x33,0x33,0x53,0x86,0x67,0x97,0x33,
  0x33,0x33,0x35,0x33,0x98,0x67,0x87,0x53,0x33,0x33,0x55,0x33,0x86,0x65,0x79,0x73,0x33,0x33,0x63,0x33,
  0x89,0x88,0x9A,0x78,0x88,0x66,0xA9,0x18,0x89,0x88,0xAE,0x78,0x88,0xAE,0x88,0x85,0x99,0x9E,0x8E,0x79,
  0x18,0x98,0x8E,0xE9,0x89,0xE8,0x68,0x92,0x83,0x8E,0xE8,0x66,0xAA,0xAE,0x86,0x88,0x58,0x58,0x88,0x86,
  0x77,0x79,0x86,0x8A,0x93,0x89,0x88,0x88,0x77,0x79,0x88,0x8A,0x79,0x89,0x88,0x88,0x33,0x44,0x88,0x8A,
  0x77,0x88,0x87,0x77,0x54,0x34,0x7E,0x8A,0x77,0x49,0x68,0x77,0x55,0x33,0x8E,0x89,0x88,0x88,0x97,0x9A,
  0x45,0x44,0x9E,0x88,0xE7,0x77,0x79,0x66,0x33,0x55,0x9E,0x88,0xE8,0x77,0x77,0x98,0x33,0x35,0x9A,0xE8,
  0xA9,0x99,0x99,0x9E,0x43,0x48,0x9E,0xE8,0x8E,0x99,0x99,0x99,0x43,0x59,0x9E,0xE8,0x8E,0x77,0x77,0x77,
  0x45,0x38,0x9E,0xA8,0x8E,0x87,0x77,0x78,0x28,0xEE,0x66,0x87,0xB9,0x69,0x34,0x47,0x96,0x66,0x66,0x87,
  0xB9,0x89,0x57,0x57,0x89,0x66,0x68,0x77,0xC9,0xE9,0x37,0x55,0x96,0x86,0x87,0x77,0xC9,0x29,0x34,0x78,
  0x68,0xE9,0x97,0x79,0x92,0x28,0x55,0x92,0x88,0xA1,0x2E,0xE6,0x66,0x12,0xEE,0x26,0x88,0x92,0x22,0x66,
  0x68,0x66,0x22,0x66,0x77,0x7E,0x26,0x68,0x88,0x86,0x66,0x66,0x77,0xAE,0x66,0x88,0x68,0x88,0x66,0x68,
  0x9A,0x22,0x66,0x86,0x88,0x66,0x66,0x68,0x22,0x26,0x62,0x26,0x86,0x88,0x66,0x68,0x66,0x66,0x66,0x88,
  0x86,0x68,0x88,0x86,0xE8,0x66,0x66,0x88,0x68,0x86,0x66,0x68,0x99,0x86,0x66,0x86,0x68,0x88,0x86,0x66,
  0x77,0xE6,0x66,0x56,0x88,0x86,0x88,0x66,0x99,0xE8,0x66,0x66,0x86,0x88,0x88,0x88,0x96,0x87,0xA9,0xEE,
  0x89,0x97,0x75,0x45,0x97,0x85,0xEA,0xEE,0x72,0x87,0x67,0x65,0xE8,0x86,0xE9,0xE8,0x38,0x18,0x37,0x53,
  0x29,0x57,0xE9,0x85,0x85,0x84,0x47,0x52,0x69,0x5E,0x99,0x78,0x58,0x99,0x55,0x33,0x69,0x5E,0x8E,0x83,
  0x89,0x89,0x55,0x33,0x89,0x5E,0x88,0x59,0xE8,0x89,0x55,0x33,0x89,0x7A,0x85,0x84,0x98,0x89,0x75,0x33,
  0xE5,0xE8,0x68,0x33,0x59,0x89,0x66,0x53,0xE7,0x96,0x84,0x43,0x69,0x89,0x22,0x36,0xA9,0x89,0x93,0x33,
  0x5A,0x89,0x53,0x33,0x8E,0x98,0x83,0x33,0x5A,0x88,0x83,0x33,0x8E,0x88,0x44,0x53,0x59,0x88,0x83,0x33,
  0x8E,0x89,0x99,0x87,0x86,0x32,0x38,0x33,0x68,0xA8,0x66,0x88,0x88,0x88,0x85,0x43,0x88,0xE9,0x99,0x86,
  0x86,0x22,0x28,0x43,0x66,0x66,0x66,0x67,0x77,0x54,0x44,0x57,0x32,0x23,0x22,0x46,0x77,0x55,0x57,0x75,
  0x33,0x33,0x33,0x35,0x75,0x22,0x47,0x53,0x33,0x33,0x33,0x35,0x53,0x33,0x35,0x53,0x33,0x33,0x33,0x33,
  0x55,0x33,0x35,0x53,0x33,0x33,0x33,0x33,0x55,0x33,0x35,0x53,0x33,0x33,0x33,0x33,0x55,0x33,0x35,0x53,
  0x33,0x33,0x33,0x33,0x57,0x53,0x57,0x53,0x33,0x33,0x33,0x33,0x57,0x77,0x66,0x65,0x53,0x33,0x33,0x33,
  0x57,0x55,0x22,0x23,0x35,0x33,0x33,0x35,0x77,0x52,0x33,0x33,0x33,0x66,0x65,0x55,0x57,0x53,0x33,0x33,
  0x33,0x56,0x52,0x22,0x47,0x53,0x33,0x33,0x33,0x55,0x23,0x33,0x35,0x53,0x33,0x33,0x35,0x53,0x33,0x33,
  0x35,0x53,0x33,0x33,0x55,0x33,0x33,0x33,0x35,0x75,0x33,0x56,0x43,0x33,0x43,0x89,0x99,0x99,0x97,0x79,
  0x33,0x33,0x33,0x89,0x89,0x99,0x77,0x79,0x33,0x33,0x35,0x88,0x89,0x99,0x77,0x79,0x33,0x33,0x45,0x89,
  0x99,0x99,0x79,0x77,0x33,0x33,0x57,0x89,0x99,0x99,0x97,0x77,0x33,0x33,0x57,0x89,0x99,0x99,0x87,0x77,
  0x33,0x33,0x57,0x8E,0x99,0x99,0x99,0x77,0x33,0x33,0x57,0x79,0xF9,0x99,0x99,0x98,0x33,0x33,0x57,0x79,
  0xFB,0x99,0x97,0x78,0x53,0x33,0x45,0x77,0x8F,0xB8,0x78,0x78,0x55,0x33,0x45,0x77,0x88,0x97,0x78,0xA9,
  0x35,0x56,0x55,0x78,0x98,0x79,0xEA,0xB9,0x33,0x56,0x42,0x87,0x28,0xEE,0xFF,0xCB,0x33,0x55,0x33,0x38,
  0xA8,0x77,0x8E,0xFF,0x45,0x53,0x33,0x33,0x47,0x77,0x77,0x9A,0x64,0x33,0x33,0x33,0x37,0x77,0x77,0x77,
  0x77,0x78,0x77,0x97,0x77,0x74,0x79,0x87,0x77,0x89,0x77,0x99,0x79,0x99,0x77,0x99,0x99,0x97,0x77,0x99,
  0x89,0x99,0x97,0x99,0x97,0x77,0x79,0x99,0x99,0x97,0x99,0x77,0x77,0x99,0x97,0x99,0x99,0x77,0x99,0x77,
  0x99,0x99,0x99,0x97,0x99,0x99,0x97,0x77,0x99,0x99,0x99,0x97,0x77,0x99,0x77,0x77,0x78,0x99,0x97,0x74,
  0x77,0x74,0x79,0x77,0x79,0x77,0x97,0x77,0x97,0x99,0x77,0x79,0x99,0x97,0x77,0x77,0x77,0x77,0x99,0x99,
  0x99,0x99,0x99,0x99,0x99,0x99,0x99,0x99,0x89,0x99,0x99,0x99,0x99,0x99,0x99,0x88,0xB9,0x87,0x77,0x77,
  0x77,0x77,0x78,0x9B,0xBB,0xBB,0xBB,0xBB,0xBB,0xBB,0xBB,0xBB,0xFF,0xFC,0xBB,0xBB,0xBB,0xBB,0xFF,0xFD,
  0x9F,0xFF,0xFF,0xFF,0xFF,0xFC,0xFF,0xF7,0x99,0x99,0x99,0x98,0xF7,0x43,0x44,0x45,0x97,0x77,0x99,0x97,
  0xF7,0x56,0x77,0x52,0x99,0x77,0x99,0x97,0xF4,0x22,0x77,0x24,0x97,0x99,0x99,0x97,0xF4,0x33,0x47,0x24,
  0x77,0x77,0x99,0x97,0xF4,0x33,0x36,0x23,0x79,0x99,0x99,0x98,0xF4,0x33,0x36,0x23,0x99,0x99,0x99,0x89,
  0xF4,0x33,0x36,0x33,0x99,0x99,0x98,0x9F,0x74,0x33,0x36,0x65,0x99,0x99,0x8B,0xCF,0x74,0x43,0x77,0x57,
  0x99,0x87,0x9B,0xF8,0x44,0x56,0x73,0x25,0x87,0x9B,0xFF,0x77,0x77,0x53,0x23,0x42,0x9B,0xBF,0xE7,0x74,
  0x75,0x33,0x33,0x33,0xBD,0xFF,0x77,0x74,0x62,0x33,0x33,0x33,0xFF,0xE7,0x77,0x44,0x62,0x33,0x33,0x33,
  0xA8,0x77,0x74,0x45,0x62,0x33,0x33,0x33,0x77,0x77,0x44,0x36,0x63,0x33,0x33,0x33,0x66,0x65,0x33,0x34,
  0x35,0x66,0x53,0x33,0x22,0x22,0x56,0x67,0x66,0x66,0x75,0x33,0x33,0x33,0x22,0x36,0x52,0x23,0x56,0x43,
  0x33,0x33,0x33,0x35,0x23,0x33,0x54,0x53,0x33,0x33,0x33,0x35,0x24,0x44,0x54,0x77,0x33,0x33,0x33,0x35,
  0x24,0x34,0x79,0x78,0x33,0x33,0x33,0x33,0x53,0x34,0x7F,0x89,0x33,0x33,0x33,0x33,0x53,0x44,0x7F,0x79,
  0x33,0x33,0x33,0x33,0x77,0x47,0x7F,0x78,0x33,0x33,0x33,0x33,0x77,0x57,0x7F,0x78,0x53,0x33,0x33,0x33,
  0x75,0x23,0x7E,0xC7,0x35,0x33,0x33,0x33,0x72,0x45,0xA8,0xE9,0x32,0x54,0x33,0x34,0x62,0x45,0xA8,0x8E,
  0x44,0x77,0x33,0x37,0x52,0x35,0xA8,0x88,0x55,0x55,0x55,0x55,0x63,0x47,0x99,0xE8,0x52,0x22,0x22,0x22,
  0x67,0x59,0x77,0x9B,0x33,0x33,0x33,0x63,0x33,0x56,0x33,0x33,0x33,0x33,0x33,0x67,0x55,0x66,0x53,0x33,
  0x33,0x33,0x33,0x77,0x75,0x55,0x55,0x55,0x33,0x33,0x35,0x77,0x53,0x33,0x35,0x56,0x77,0x77,0x57,0x77,
  0x77,0x77,0x75,0x57,0x88,0x88,0x84,0x87,0x87,0x77,0x77,0x77,0x99,0x99,0x9E,0xE9,0x79,0x99,0x99,0x99,
  0x99,0x99,0x99,0x99,0x97,0x99,0x99,0x99,0x99,0x99,0x99,0x99,0x99,0x4B,0x99,0x98,0x88,0x88,0x88,0x88,
  0x79,0x94,0x98,0x88,0x77,0x77,0x77,0x77,0x77,0x7F,0x97,0x77,0xBB,0xBB,0xB9,0x99,0xBB,0xBB,0xBB,0xBB,
  0x99,0x99,0x99,0x99,0x9B,0xBB,0xB9,0x99,0xFF,0xFF,0xFC,0xFB,0xCB,0xBB,0xFF,0xF9,0x88,0x9F,0x99,0x99,
  0x99,0x9B,0xBB,0xD8,0x88,0x9F,0xBB,0x99,0x99,0x99,0xBB,0xE8,0x35,0x53,0x33,0x33,0x35,0x55,0x57,0x55,
  0x55,0x33,0x33,0x33,0x33,0x44,0x75,0x33,0x52,0x33,0x33,0x33,0x33,0x45,0x55,0x34,0x62,0x33,0x33,0x33,
  0x33,0x45,0x55,0x34,0x77,0x77,0x77,0x43,0x33,0x35,0x55,0x33,0x77,0x77,0x78,0x75,0x53,0x34,0x55,0x33,
  0x99,0x99,0x98,0x99,0x53,0x33,0x55,0x33,0x99,0x99,0x99,0x89,0x85,0x35,0x75,0x33,0x89,0x99,0x99,0x99,
  0x77,0x77,0x66,0x53,0x89,0x88,0x78,0x85,0x77,0x52,0x22,0x36,0x8B,0xBB,0x98,0x56,0x75,0x33,0x33,0x32,
  0xBB,0xFF,0x97,0x55,0x75,0x34,0x33,0x33,0xFA,0x88,0x82,0x23,0x65,0x33,0x33,0x33,0x88,0x88,0x84,0x33,
  0x55,0x33,0x33,0x33,0x88,0x88,0x83,0x33,0x55,0x33,0x33,0x33,0x88,0x88,0x84,0x54,0x56,0x53,0x35,0x65,
  0x66,0x66,0x66,0x53,0x33,0x35,0x66,0x38,0x22,0x22,0x32,0x56,0x55,0x56,0x53,0x38,0x33,0x33,0x33,0x35,
  0x52,0x22,0x53,0x38,0x33,0x33,0x33,0x53,0x33,0x33,0x53,0x38,0x33,0x33,0x33,0x53,0x33,0x33,0x53,0x38,
  0x33,0x33,0x33,0x56,0x54,0x45,0x73,0x38,0x33,0x33,0x33,0x56,0x55,0x57,0x73,0x38,0x33,0x33,0x35,0x32,
  0x23,0x25,0x73,0x38,0x33,0x33,0x55,0x33,0x33,0x33,0x57,0x48,0x66,0x66,0x33,0x33,0x33,0x33,0x35,0x58,
  0x56,0x65,0x33,0x33,0x33,0x33,0x35,0x48,0x35,0x53,0x33,0x33,0x33,0x33,0x54,0x48,0x35,0x53,0x33,0x33,
  0x33,0x33,0x54,0x38,0x35,0x53,0x33,0x33,0x33,0x35,0x44,0x58,0x35,0x53,0x33,0x33,0x33,0x35,0x45,0x88,
  0x56,0x53,0x33,0x33,0x33,0x55,0x48,0x65,0x88,0x88,0x88,0x88,0x88,0x88,0x88,0xA7,0x88,0x86,0x89,0x99,
  0x99,0x99,0xA8,0xE5,0x88,0x86,0x69,0x41,0x14,0x47,0x98,0xE7,0x88,0x86,0x89,0x87,0x77,0x77,0x98,0xA7,
  0x88,0x88,0x88,0x99,0x88,0x9B,0x88,0xE7,0x88,0x9E,0xEE,0xF7,0x44,0x49,0x88,0xE7,0x89,0xA9,0x9A,0xF7,
  0x77,0x49,0x88,0xE7,0x88,0x9E,0xEE,0xE9,0x77,0x7B,0x88,0xE7,0x88,0x88,0x88,0x99,0x99,0x9B,0x88,0xA7,
  0x88,0x86,0x89,0x41,0x44,0x47,0x98,0xE7,0x88,0x86,0x69,0x87,0x77,0x78,0xB8,0xE5,0x88,0x86,0x88,0xBB,
  0xBB,0xBF,0xBF,0xF7,0x88,0x86,0x88,0x88,0x88,0x8F,0x89,0x9F,0x98,0x88,0x88,0x88,0x88,0x8E,0x99,0x9F,
  0x99,0x98,0x89,0x99,0x99,0x9F,0x89,0x9F,0x66,0x66,0x66,0x66,0x66,0x8F,0x89,0xBF,0x56,0x67,0x76,0x43,
  0x33,0x36,0x76,0x32,0x22,0x23,0x32,0x56,0x66,0x66,0x73,0x33,0x33,0x33,0x33,0x25,0x32,0x22,0x73,0x33,
  0x33,0x33,0x33,0x53,0x33,0x33,0x73,0x33,0x33,0x33,0x35,0x33,0x33,0x33,0x72,0x33,0x33,0x33,0x63,0x33,
  0x33,0x33,0x72,0x33,0x33,0x35,0x73,0x33,0x33,0x33,0x73,0x33,0x33,0x56,0x66,0x43,0x33,0x33,0x73,0x33,
  0x35,0x22,0x22,0x53,0x33,0x33,0x77,0x33,0x63,0x33,0x33,0x25,0x33,0x35,0x66,0x53,0x53,0x33,0x33,0x32,
  0x54,0x36,0x53,0x36,0x35,0x33,0x33,0x33,0x25,0x65,0x23,0x33,0x55,0x43,0x33,0x33,0x32,0x62,0x33,0x33,
  0x77,0x43,0x33,0x33,0x32,0x62,0x33,0x33,0x97,0x75,0x33,0x33,0x33,0x63,0x33,0x35,0x69,0x77,0x63,0x33,
  0x46,0x63,0x33,0x46,0x33,0x33,0x33,0x36,0x54,0x44,0x44,0x77,0x33,0x33,0x33,0x36,0x55,0x57,0x75,0x33,
  0x33,0x33,0x33,0x35,0x22,0x37,0x53,0x33,0x33,0x33,0x33,0x63,0x33,0x45,0x24,0x33,0x33,0x33,0x33,0x63,
  0x33,0x45,0x24,0x33,0x33,0x33,0x33,0x62,0x33,0x45,0x24,0x33,0x33,0x33,0x33,0x35,0x23,0x45,0x34,0x33,
  0x33,0x33,0x33,0x36,0x33,0x55,0x34,0x33,0x33,0x33,0x33,0x37,0x63,0x67,0x74,0x33,0x33,0x33,0x33,0x37,
  0x75,0x56,0x66,0x53,0x33,0x33,0x33,0x37,0x53,0x33,0x22,0x35,0x55,0x33,0x33,0x36,0x33,0x33,0x33,0x33,
  0x35,0x44,0x34,0x55,0x23,0x33,0x33,0x33,0x57,0x74,0x45,0x75,0x23,0x33,0x33,0x33,0x55,0x55,0x55,0x55,
  0x33,0x33,0x33,0x35,0x33,0x22,0x22,0x25,0x63,0x33,0x56,0x55,0x77,0x77,0x67,0x77,0x53,0x34,0x55,0x77,
  0x33,0x32,0x36,0x77,0x55,0x67,0x55,0x33,0x33,0x33,0x34,0x75,0x22,0x37,0x53,0x33,0x33,0x33,0x35,0x52,
  0x33,0x34,0x53,0x33,0x33,0x33,0x33,0x55,0x33,0x35,0x53,0x33,0x33,0x33,0x33,0x35,0x34,0x35,0x53,0x33,
  0x33,0x33,0x33,0x35,0x23,0x35,0x53,0x33,0x33,0x33,0x33,0x36,0x53,0x57,0x53,0x33,0x33,0x33,0x33,0x47,
  0x77,0x77,0x65,0x33,0x33,0x33,0x33,0x47,0x75,0x22,0x33,0x56,0x44,0x44,0x45,0x77,0x53,0x33,0x33,0x25,
  0x57,0x75,0x55,0x57,0x53,0x33,0x33,0x38,0x37,0x52,0x22,0x36,0x53,0x33,0x33,0x38,0x55,0x33,0x33,0x33,
  0x53,0x33,0x33,0x38,0x52,0x33,0x33,0x33,0x53,0x33,0x35,0x48,0x23,0x33,0x33,0x33,0x65,0x33,0x56,0x58,
  0x77,0x54,0x45,0x88,0x78,0x66,0x66,0x55,0x23,0x45,0x77,0x88,0x78,0x66,0x66,0x55,0x33,0x32,0x35,0x88,
  0x78,0x86,0x66,0x66,0x33,0x33,0x45,0x88,0x77,0x78,0x66,0x66,0x33,0x33,0x45,0x88,0x77,0x77,0x86,0x66,
  0x33,0x33,0x45,0x88,0x77,0x77,0x88,0x88,0x33,0x33,0x45,0x88,0x77,0x77,0x78,0x88,0x33,0x33,0x57,0x88,
  0x44,0x47,0x77,0x77,0x33,0x35,0x55,0x88,0x44,0x47,0x44,0x44,0x78,0xE8,0x45,0x89,0x88,0x88,0x88,0x88,
  0x8A,0x89,0x85,0x89,0x79,0x97,0x77,0x77,0xE8,0x88,0x98,0x89,0x88,0x89,0x87,0x77,0xA8,0x88,0x89,0x8A,
  0x87,0x78,0x99,0x99,0xA7,0x86,0x8E,0xFE,0x87,0x88,0xEF,0xEF,0xE8,0x68,0x88,0x89,0x87,0x88,0x98,0x88,
  0xE9,0x89,0x88,0x88,0x87,0x77,0x98,0x88,0x66,0x66,0x66,0x88,0x89,0x87,0x47,0x78,0x66,0x66,0x89,0x88,
  0x89,0x98,0x78,0x99,0x66,0x66,0x87,0x78,0x79,0x98,0x89,0x98,0x66,0x68,0x87,0x78,0x79,0x98,0x89,0x9E,
  0x68,0x88,0x87,0x78,0x78,0xD9,0xA9,0x87,0x88,0x89,0x71,0x79,0x78,0x87,0x77,0x77,0x88,0x89,0x74,0x79,
  0x78,0x87,0x44,0x44,0x77,0x79,0x74,0x79,0x78,0x77,0x43,0x33,0x44,0x87,0x44,0x77,0x9B,0x87,0x75,0x43,
  0x88,0x98,0x77,0x77,0x9B,0x87,0x9E,0x87,0x77,0x79,0x97,0x79,0x99,0x89,0x88,0x98,0x77,0x88,0x98,0x88,
  0x89,0xF9,0x88,0x8E,0x99,0xBB,0x96,0x69,0xBB,0xF8,0x88,0x89,0xE9,0x77,0x41,0x14,0x77,0x98,0x88,0x89,
  0x89,0x99,0x96,0x89,0x9B,0x98,0x86,0x8E,0x88,0x88,0x88,0x88,0x88,0x88,0x88,0x9E,0x9A,0x87,0x44,0x43,
  0x59,0x87,0x56,0x89,0x99,0x87,0x57,0x77,0x79,0x97,0x56,0x89,0xA7,0x74,0x25,0x73,0x22,0x98,0x56,0x89,
  0x87,0x53,0x35,0x33,0x39,0x87,0x56,0x89,0x75,0x53,0x35,0x33,0x39,0x97,0x56,0x89,0x53,0x33,0x35,0x75,
  0x34,0x98,0x56,0x89,0x33,0x33,0x35,0x66,0x55,0xA8,0x76,0x89,0x33,0x33,0x53,0x33,0x34,0x97,0x56,0x89,
  0x44,0x35,0x33,0x33,0x39,0x87,0x56,0x89,0x77,0x73,0x33,0x33,0x39,0x87,0x56,0x89,0x75,0x33,0x33,0x33,
  0x38,0x97,0x56,0x89,0x83,0x33,0x33,0x33,0x34,0x97,0x56,0x89,0x83,0x34,0x33,0x33,0x33,0x97,0x56,0x89,
  0x83,0x34,0x33,0x33,0x35,0x97,0x76,0x89,0x83,0x34,0x33,0x33,0x39,0x87,0x86,0x89,0x83,0x33,0x33,0x33,
  0x39,0x87,0x56,0x89,0xD9,0xBA,0xCC,0xCC,0xCC,0xCC,0xCC,0xCC,0xD9,0xBA,0xCC,0xCC,0xCC,0xCC,0xCC,0xCC,
  0xD9,0xBA,0xCC,0xCC,0xCC,0xCC,0xCC,0xCC,0xD9,0xBA,0xCC,0xCC,0xCC,0xCC,0xCC,0xCC,0xB9,0xBC,0xCC,0xCC,
  0xCC,0xCC,0xCC,0xCC,0xB9,0xBC,0xCC,0xCC,0xCC,0xCC,0xCC,0xCC,0xDC,0xCC,0xCC,0xCC,0xCC,0xCC,0xCC,0xCC,
  0xC9,0xCC,0xCC,0xCC,0xCC,0xCC,0xCC,0xCC,0xA9,0xBA,0xCC,0xCC,0xCC,0xCC,0xCC,0xCC,0xA9,0xBA,0xCC,0xCC,
  0xCC,0xCC,0xCC,0xCC,0xE9,0xBA,0xCC,0xCC,0xCC,0xCC,0xCC,0xCC,0xA9,0xBA,0xCC,0xCC,0xCC,0xCC,0xCC,0xCC,
  0xD9,0xBC,0xCC,0xCC,0xCC,0xCC,0xCC,0xCC,0xC9,0xBC,0xCC,0xCC,0xCC,0xCC,0xCC,0xCC,0xCB,0xDD,0xCC,0xCC,
  0xCC,0xCC,0xCC,0xCC,0xD9,0xBD,0xCC,0xCC,0xCC,0xCC,0xCC,0xCC,0xCC,0xCC,0xCC,0xCC,0xCC,0xCD,0xEC,0xAB,
  0xCC,0xCC,0xCC,0xCC,0xCC,0xCD,0xEC,0xAB,0xCC,0xCC,0xCC,0xCC,0xCC,0xCD,0xEC,0xAB,0xCC,0xCC,0xCC,0xCC,
  0xCC,0xCD,0xEC,0xAB,0xCC,0xCC,0xCC,0xCC,0xCC,0xCD,0xEC,0xAB,0xCC,0xCC,0xCC,0xCC,0xCC,0xCD,0xAA,0xA9,
  0xCC,0xCC,0xCC,0xCC,0xCC,0xCD,0xEE,0xA9,0xCC,0xCC,0xCC,0xCC,0xCC,0xCD,0xEC,0xA9,0xCC,0xCC,0xCC,0xCC,
  0xCC,0xCD,0xAA,0xA9,0xCC,0xCC,0xCC,0xCC,0xCC,0xCD,0xAA,0xAB,0xCC,0xCC,0xCC,0xCC,0xCC,0xCD,0xEA,0xAA,
  0xCC,0xCC,0xCC,0xCC,0xCC,0xCD,0xEA,0xA9,0xCC,0xCC,0xCC,0xCC,0xCC,0xCD,0xEA,0xA9,0xCC,0xCC,0xCC,0xCC,
  0xCC,0xCD,0xEA,0xA9,0xCC,0xCC,0xCC,0xCC,0xCC,0xCD,0xEA,0xA9,0xCC,0xCC,0xCC,0xCC,0xCC,0xCD,0xEA,0xA9,
  0x86,0x65,0x79,0x74,0x44,0x45,0x77,0x54,0x86,0x65,0x89,0x75,0x67,0x55,0x55,0x75,0x86,0x67,0x97,0x43,
  0x57,0x42,0x25,0x74,0x86,0x65,0x79,0x74,0x55,0x33,0x33,0x54,0x86,0x67,0x89,0x74,0x35,0x33,0x33,0x54,
  0x96,0x67,0x97,0x33,0x35,0x33,0x33,0x54,0x98,0x67,0x97,0x33,0x35,0x43,0x33,0x54,0x86,0x65,0x97,0x34,
  0x35,0x75,0x55,0x75,0x86,0x65,0x87,0x53,0x35,0x77,0x55,0x55,0x86,0x65,0x79,0x73,0x45,0x75,0x32,0x22,
  0x96,0x65,0x79,0x75,0x57,0x73,0x33,0x33,0x86,0x65,0x8B,0x75,0x55,0x73,0x33,0x34,0x86,0x67,0x89,0x73,
  0x35,0x73,0x33,0x35,0x96,0x67,0x97,0x43,0x33,0x53,0x33,0x39,0x97,0x67,0x88,0x53,0x33,0x55,0x33,0x39,
  0x86,0x65,0x79,0x74,0x33,0x57,0x55,0x59,0x53,0x58,0x99,0x49,0x8E,0x87,0x78,0x88,0x53,0x99,0xE5,0x49,
  0x88,0x89,0x87,0x66,0x33,0x99,0xE5,0x58,0x88,0x88,0x68,0x98,0x33,0x99,0xE5,0x82,0x33,0x88,0x85,0x54,
  0x35,0x99,0x95,0x58,0x88,0x87,0x43,0x62,0x39,0x89,0x55,0x68,0x36,0x59,0x53,0x62,0x39,0x89,0x75,0x64,
  0x88,0x8E,0x53,0x65,0x49,0x89,0x75,0x55,0xA9,0x9E,0x43,0x78,0x78,0x88,0x52,0x32,0x88,0x8E,0x45,0x87,
  0x88,0xA5,0x33,0x33,0x3A,0x8E,0x58,0x88,0x88,0xE7,0x33,0x33,0x3A,0x89,0x98,0x83,0x88,0xA8,0x53,0x33,
  0x3A,0x98,0x88,0x33,0x88,0x97,0x53,0x33,0x3A,0x85,0x85,0x33,0x8A,0x55,0x53,0x33,0x38,0x38,0x58,0x44,
  0x8A,0x55,0x75,0x53,0x37,0x76,0xA5,0x33,0x8A,0x75,0x55,0x55,0x58,0x58,0x97,0x33,0x68,0xE8,0x66,0x66,
  0x68,0x88,0x66,0x68,0x88,0x88,0x66,0x66,0x68,0x88,0x86,0x66,0x34,0x4E,0x86,0x66,0x88,0x68,0x86,0x68,
  0x33,0x5E,0x86,0x68,0x86,0x66,0x86,0x68,0x35,0x8E,0x88,0x66,0x86,0x66,0x86,0x66,0x78,0x88,0xE8,0x66,
  0x88,0x66,0x88,0x66,0x87,0x83,0x98,0x86,0x68,0x66,0x88,0x86,0x68,0x54,0x4A,0x86,0x66,0x66,0x68,0x88,
  0x85,0x55,0x79,0x66,0x66,0x66,0x88,0x88,0x57,0x75,0xE8,0x68,0x88,0x68,0x89,0x27,0x35,0x62,0x98,0x88,
  0x88,0x88,0x93,0x43,0x33,0x73,0xA8,0x88,0x35,0x88,0x83,0x43,0x33,0x77,0x98,0x95,0x56,0x59,0x53,0x44,
  0x35,0x79,0x8A,0x55,0x67,0x98,0x85,0x77,0x36,0x88,0x88,0x32,0x57,0x96,0x97,0x78,0x55,0x96,0x94,0x45,
  0x58,0x96,0x98,0x8A,0x88,0x94,0x34,0x58,0x99,0x89,0x84,0x35,0x86,0x88,0x54,0x33,0x48,0xE9,0x97,0x75,
  0x66,0x68,0x95,0x33,0x48,0xE8,0x88,0x52,0x66,0x66,0x88,0x55,0x27,0x99,0x88,0x52,0x66,0x68,0x88,0x95,
  0x43,0x5E,0x88,0x52,0x68,0x88,0x99,0x98,0x63,0x5E,0x88,0x72,0x88,0x98,0x77,0x87,0x85,0x5E,0x99,0x93,
  0x8A,0x57,0x77,0x78,0x88,0x7E,0x98,0x97,0x8A,0x87,0x77,0x77,0x88,0x89,0x98,0x99,0x9A,0x87,0x77,0x77,
  0x88,0x88,0x98,0x99,0x39,0x88,0x44,0x47,0x88,0x86,0x89,0x98,0x48,0x88,0x77,0x77,0xA8,0x58,0x69,0x98,
  0x55,0x98,0x98,0xEE,0x98,0x78,0x89,0x83,0x78,0x98,0x86,0x89,0x99,0x87,0x88,0x43,0x89,0xE8,0x58,0x88,
  0x97,0x75,0x54,0x33,0xA9,0x98,0x88,0x87,0x77,0x54,0x33,0x35,0x52,0x33,0x33,0x33,0x35,0x66,0x57,0x55,
  0x33,0x33,0x33,0x33,0x35,0x52,0x45,0x52,0x33,0x33,0x33,0x33,0x55,0x33,0x35,0x53,0x33,0x33,0x33,0x35,
  0x53,0x33,0x35,0x53,0x33,0x33,0x33,0x35,0x53,0x33,0x45,0x53,0x33,0x33,0x33,0x35,0x75,0x55,0x57,0x53,
  0x33,0x33,0x33,0x35,0x55,0x55,0x57,0x53,0x33,0x33,0x33,0x53,0x33,0x33,0x45,0x53,0x55,0x55,0x55,0x53,
  0x33,0x33,0x34,0x55,0x55,0x77,0x75,0x33,0x33,0x33,0x33,0x47,0x23,0x56,0x53,0x33,0x33,0x33,0x33,0x55,
  0x33,0x35,0x23,0x33,0x33,0x33,0x35,0x52,0x33,0x55,0x23,0x33,0x33,0x33,0x35,0x53,0x33,0x55,0x23,0x33,
  0x33,0x33,0x55,0x33,0x33,0x55,0x33,0x33,0x33,0x33,0x54,0x33,0x55,0x65,0x33,0x33,0x33,0x55,0x53,0x35,
  0x23,0x33,0x33,0x33,0x35,0x77,0x77,0x77,0x33,0x33,0x33,0x33,0x45,0x42,0x47,0x75,0x33,0x33,0x33,0x33,
  0x54,0x34,0x35,0x43,0x33,0x33,0x33,0x35,0x53,0x44,0x55,0x43,0x33,0x33,0x33,0x35,0x53,0x33,0x55,0x33,
  0x33,0x33,0x33,0x57,0x53,0x33,0x55,0x33,0x33,0x33,0x35,0x55,0x53,0x34,0x55,0x33,0x33,0x33,0x55,0x32,
  0x45,0x45,0x65,0x33,0x55,0x55,0x33,0x33,0x35,0x75,0x55,0x55,0x77,0x74,0x33,0x33,0x35,0x54,0x22,0x55,
  0x47,0x53,0x33,0x33,0x35,0x43,0x33,0x32,0x35,0x54,0x33,0x33,0x45,0x43,0x33,0x33,0x35,0x75,0x44,0x44,
  0x54,0x34,0x33,0x33,0x35,0x55,0x55,0x55,0x75,0x34,0x33,0x33,0x55,0x43,0x33,0x35,0x55,0x34,0x33,0x33,
  0x53,0x34,0x33,0x33,0x55,0x44,0x33,0x35,0x77,0x8A,0xAA,0xAE,0xEE,0xEE,0xE8,0x77,0x77,0x77,0x77,0x77,
  0x77,0x77,0x77,0x77,0x57,0x77,0x77,0x77,0x77,0x77,0x77,0x43,0x34,0x33,0x44,0x45,0x44,0x44,0x45,0x33,
  0x33,0x33,0x33,0x35,0x43,0x33,0x45,0x34,0x33,0x33,0x33,0x35,0x75,0x55,0x57,0x34,0x33,0x33,0x33,0x35,
  0x55,0x55,0x77,0x34,0x33,0x33,0x35,0x53,0x33,0x23,0x57,0x44,0x55,0x55,0x55,0x33,0x33,0x33,0x35,0x65,
  0x57,0x77,0x63,0x33,0x33,0x33,0x33,0x55,0x25,0x55,0x33,0x33,0x33,0x33,0x34,0x53,0x43,0x54,0x33,0x33,
  0x33,0x33,0x35,0x33,0x33,0x53,0x33,0x33,0x33,0x33,0x35,0x33,0x33,0x53,0x33,0x33,0x33,0x33,0x53,0x33,
  0x35,0x53,0x33,0x33,0x33,0x35,0x53,0x33,0x56,0x65,0x33,0x33,0x33,0x56,0x53,0x35,0x77,0x77,0x55,0x67,
  0x76,0x54,0x44,0x75,0x43,0x33,0x22,0x56,0x65,0x55,0x77,0x52,0x43,0x33,0x33,0x35,0x62,0x22,0x57,0x34,
  0x43,0x33,0x33,0x35,0x33,0x33,0x35,0x44,0x33,0x33,0x33,0x33,0x62,0x33,0x36,0x33,0x33,0x33,0x33,0x33,
  0x62,0x33,0x36,0x33,0x33,0x33,0x33,0x33,0x53,0x33,0x46,0x33,0x33,0x33,0x33,0x33,0x67,0x55,0x66,0x53,
  0x33,0x33,0x33,0x33,0x57,0x75,0x55,0x55,0x53,0x33,0x33,0x33,0x57,0x53,0x22,0x35,0x55,0x55,0x55,0x56,
  0x77,0x34,0x33,0x33,0x35,0x67,0x55,0x55,0x57,0x34,0x33,0x34,0x43,0x77,0x33,0x22,0x57,0x34,0x33,0x33,
  0x34,0x53,0x33,0x33,0x25,0x34,0x33,0x33,0x55,0x33,0x33,0x33,0x47,0x44,0x33,0x55,0x53,0x44,0x33,0x33,
  0x47,0x75,0x55,0x65,0x33,0x33,0x33,0x33,0x37,0xA7,0x78,0x7B,0x33,0x33,0x33,0x33,0x55,0xA7,0x87,0x89,
  0x33,0x33,0x33,0x33,0x54,0xE8,0x77,0xD8,0x33,0x33,0x33,0x35,0x37,0xA7,0x89,0x88,0x33,0x33,0x35,0x53,
  0x57,0x97,0x98,0x88,0x33,0x33,0x56,0x23,0x5E,0x7F,0xA8,0x88,0x33,0x33,0x76,0x34,0x8B,0x79,0x98,0x92,
  0x33,0x35,0x55,0x55,0xD7,0xB7,0xE9,0x93,0x55,0x52,0x33,0x38,0x98,0x97,0xE9,0x97,0x57,0x23,0x43,0x4E,
  0x7F,0x77,0xE9,0x97,0x35,0x33,0x34,0x79,0x89,0x77,0x9A,0xA9,0x33,0x63,0x35,0xF7,0xB7,0x78,0x8E,0xEA,
  0x33,0x63,0x35,0x98,0x97,0x57,0x7E,0xE9,0x33,0x65,0x33,0x48,0x74,0x37,0x79,0xE9,0x55,0x77,0x55,0x34,
  0x43,0x37,0x77,0x99,0x55,0x55,0x55,0x55,0x55,0x77,0x77,0x7A,0x89,0xE9,0xCB,0x99,0x99,0x99,0xBB,0xCE,
  0x9E,0x99,0xBD,0xCC,0xBB,0xCF,0xBB,0xBF,0x8A,0xF9,0x99,0x99,0x99,0x99,0x99,0xBF,0x89,0xAF,0xFF,0xFF,
  0xFF,0xFF,0xFF,0xA9,0x8E,0x9E,0x89,0x88,0x88,0x88,0x88,0x88,0x59,0x89,0x58,0x88,0x88,0x88,0x88,0x88,
  0xE8,0x88,0x93,0x98,0x88,0x88,0x88,0x88,0xE9,0x9A,0x94,0xE9,0x99,0x99,0x99,0x99,0x89,0x99,0x87,0xA8,
  0x88,0x88,0x88,0x89,0x59,0x99,0x78,0xA9,0x99,0x99,0x99,0x99,0x85,0x55,0x8E,0xAA,0xAA,0xAA,0xAA,0xAA,
  0x98,0x88,0x9E,0x99,0x99,0x99,0x99,0x99,0x88,0x98,0x89,0x77,0x77,0x77,0x77,0x78,0x8A,0x8E,0x89,0x77,
  0x77,0x77,0x77,0x78,0x8A,0x8E,0x89,0x77,0x77,0x77,0x75,0x57,0x8A,0x8E,0x89,0x77,0x55,0x55,0x43,0x35,
  0x88,0x88,0xA9,0x98,0x56,0x67,0x76,0x55,0xA8,0x88,0x71,0x14,0x85,0x24,0x65,0x33,0x98,0x87,0x11,0x11,
  0x77,0x43,0x55,0x33,0x88,0x71,0x11,0x11,0x17,0x75,0x65,0x33,0x87,0x11,0x11,0x11,0x17,0x75,0x53,0x33,
  0x71,0x11,0x11,0x11,0x47,0x75,0x53,0x33,0x97,0x11,0x11,0x14,0x47,0x75,0x53,0x33,0x87,0x71,0x11,0x47,
  0x77,0x57,0x53,0x33,0x97,0x77,0x44,0x77,0x87,0x75,0x55,0x55,0x98,0x77,0x44,0x88,0x77,0x53,0x24,0x55,
  0xA9,0x87,0x48,0x99,0x85,0x33,0x43,0x32,0xEA,0x98,0x79,0x98,0x97,0x34,0x33,0x44,0xEA,0xA9,0x88,0x98,
  0x98,0x53,0x33,0x33,0xAE,0x98,0x77,0x89,0x98,0x54,0x33,0x33,0x88,0x87,0x77,0x88,0x98,0x54,0x33,0x33,
  0x55,0x55,0x57,0x77,0x85,0x44,0x33,0x35,0x55,0x55,0x33,0x44,0x45,0x77,0x58,0x66,0x22,0x25,0x55,0x66,
  0x55,0x55,0x65,0x89,0x33,0x33,0x22,0x56,0x52,0x25,0x65,0x48,0x33,0x33,0x33,0x55,0x34,0x34,0x53,0x38,
  0x33,0x33,0x35,0x66,0x55,0x45,0x43,0x38,0x33,0x33,0x55,0x55,0x55,0x66,0x43,0x78,0x33,0x35,0x32,0x22,
  0x22,0x55,0x43,0x88,0x33,0x53,0x33,0x33,0x33,0x25,0x43,0x38,0x55,0x53,0x33,0x33,0x33,0x33,0x55,0x58,
  0x67,0x53,0x33,0x33,0x33,0x33,0x56,0x78,0x55,0x53,0x33,0x33,0x33,0x33,0x55,0x88,0x35,0x53,0x33,0x33,
  0x33,0x33,0x54,0x48,0x35,0x53,0x33,0x33,0x33,0x33,0x55,0x58,0x33,0x55,0x33,0x33,0x33,0x33,0x78,0x99,
  0x33,0x35,0x53,0x33,0x33,0x33,0x78,0x88,0x55,0x55,0x65,0x53,0x33,0x35,0x58,0x89,0x66,0x66,0x66,0x66,
  0x66,0x8F,0x99,0xCF,0x99,0x99,0x99,0x99,0x99,0x9F,0x99,0xCF,0x88,0x88,0x88,0x88,0x88,0x8F,0x99,0xBF,
  0x88,0x86,0x88,0x86,0x88,0x89,0xBB,0xFC,0x98,0x88,0x88,0x86,0x88,0x88,0xAF,0xF7,0x9B,0x99,0x9B,0xE8,
  0x88,0xAB,0x99,0xF7,0x78,0x88,0x89,0x9C,0x89,0x98,0x77,0xE7,0xFD,0xEE,0xAA,0x99,0xB9,0x8B,0xBF,0xFA,
  0x98,0x98,0x88,0x99,0x98,0x99,0x89,0xE8,0xDD,0xFD,0xCF,0x99,0xE9,0x7B,0xBB,0xFE,0x88,0x88,0x89,0x9C,
  0x89,0x98,0x77,0xD7,0xEA,0xAA,0xAA,0xE8,0x88,0x9A,0xAA,0xE7,0x88,0x88,0x88,0x88,0x88,0x88,0x88,0xE7,
  0x99,0x98,0x99,0x98,0x88,0x88,0x89,0x99,0x88,0x87,0x88,0x77,0x75,0x57,0x78,0x88,0x99,0x99,0x99,0x99,
  0x99,0x99,0x99,0xE8,0x88,0x34,0x35,0x77,0x55,0x56,0x33,0x52,0x95,0x34,0x42,0x55,0x33,0x35,0x75,0x23,
  0x54,0x33,0x43,0x53,0x33,0x33,0x62,0x33,0x54,0x33,0x45,0x33,0x33,0x33,0x62,0x33,0x44,0x34,0x52,0x33,
  0x33,0x33,0x63,0x33,0x33,0x57,0x33,0x33,0x33,0x33,0x63,0x33,0x44,0x77,0x33,0x33,0x33,0x33,0x63,0x33,
  0x77,0x55,0x55,0x33,0x33,0x33,0x67,0x53,0x75,0x32,0x35,0x53,0x45,0x57,0x55,0x65,0x75,0x44,0x32,0x65,
  0x47,0x55,0x22,0x55,0x78,0x75,0x33,0x56,0x75,0x33,0x33,0x33,0x97,0xE5,0x33,0x36,0x53,0x44,0x33,0x33,
  0x88,0xA5,0x33,0x36,0x23,0x33,0x33,0x33,0x88,0x85,0x33,0x36,0x23,0x33,0x33,0x33,0x89,0x43,0x33,0x56,
  0x23,0x33,0x33,0x35,0x87,0x55,0x55,0x66,0x43,0x33,0x35,0x55,0x33,0x33,0x33,0x33,0x65,0x67,0x75,0x23,
  0x33,0x33,0x33,0x35,0x53,0x35,0x52,0x33,0x33,0x33,0x33,0x35,0x33,0x33,0x52,0x33,0x33,0x33,0x35,0x52,
  0x33,0x34,0x52,0x33,0x33,0x33,0x55,0x33,0x33,0x33,0x52,0x33,0x33,0x35,0x53,0x33,0x33,0x33,0x52,0x33,
  0x33,0x56,0x63,0x33,0x33,0x33,0x72,0x33,0x33,0x55,0x55,0x53,0x33,0x33,0x73,0x33,0x55,0x33,0x23,0x55,
  0x33,0x35,0x66,0x55,0x62,0x33,0x33,0x35,0x33,0x35,0x65,0x56,0x53,0x33,0x33,0x33,0x54,0x56,0x52,0x33,
  0x36,0x33,0x33,0x33,0x35,0x65,0x33,0x33,0x36,0x33,0x33,0x33,0x42,0x52,0x33,0x33,0x36,0x53,0x33,0x33,
  0x43,0x52,0x33,0x33,0x57,0x65,0x53,0x33,0x44,0x52,0x33,0x35,0x55,0x55,0x55,0x55,0x57,0x54,0x33,0x55,
  0x33,0x33,0x33,0x35,0x55,0x67,0x75,0x38,0x33,0x33,0x33,0x35,0x52,0x35,0x52,0x27,0x33,0x33,0x33,0x35,
  0x34,0x34,0x53,0x38,0x33,0x33,0x35,0x52,0x44,0x45,0x53,0x38,0x33,0x33,0x55,0x23,0x33,0x35,0x53,0x58,
  0x33,0x35,0x52,0x33,0x33,0x35,0x53,0x7E,0x33,0x57,0x53,0x43,0x33,0x35,0x52,0x7A,0x35,0x55,0x55,0x53,
  0x33,0x35,0x53,0x7A,0x55,0x22,0x23,0x55,0x33,0x35,0x65,0x79,0x52,0x33,0x33,0x35,0x33,0x35,0x65,0x89,
  0x53,0x33,0x33,0x33,0x55,0x56,0x53,0x79,0x35,0x33,0x33,0x33,0x35,0x65,0x33,0x7E,0x45,0x44,0x33,0x33,
  0x34,0x53,0x33,0x7E,0x47,0x43,0x33,0x33,0x34,0x53,0x33,0x79,0x57,0x55,0x53,0x33,0x45,0x53,0x33,0x58,
  0x55,0x55,0x55,0x55,0x57,0x54,0x33,0x57,0xE9,0x99,0x88,0x88,0x75,0x77,0x88,0x88,0xE9,0x99,0x88,0x68,
  0x87,0x77,0x88,0x88,0xE9,0x99,0x86,0x89,0x87,0x77,0x98,0x66,0xE9,0x99,0x98,0x99,0x87,0x88,0x98,0x88,
  0xE9,0x99,0x99,0x9A,0x87,0x88,0xA9,0x99,0x99,0x99,0x99,0xE9,0x87,0x88,0x99,0x99,0x8A,0x99,0x89,0x88,
  0x87,0x77,0x85,0x55,0x8A,0x99,0x89,0xEE,0x87,0x88,0xEE,0xEE,0x89,0x99,0x88,0x99,0x88,0x88,0x99,0x99,
  0x89,0x99,0x88,0xEE,0x88,0x88,0xEA,0xAE,0x88,0x98,0x88,0x99,0x98,0x99,0x87,0x78,0x88,0x88,0x89,0x99,
  0x88,0x88,0x99,0xD9,0x98,0x88,0x99,0x87,0x74,0x44,0x79,0x98,0x99,0x99,0x99,0x87,0x9B,0xB9,0x78,0x99,
  0x99,0xAA,0xA8,0x88,0x89,0x98,0x87,0x77,0x89,0x99,0x87,0x77,0x89,0x98,0x77,0x77,0x88,0x88,0x88,0x88,
  0x88,0x88,0x98,0x9E,0x88,0x88,0x98,0x89,0x88,0x88,0x98,0x9E,0x66,0x88,0xA8,0x89,0x88,0x68,0x99,0x9E,
  0x88,0x89,0xA8,0x89,0x98,0x88,0x99,0x9E,0x99,0x9A,0xE8,0x8E,0x99,0x99,0x99,0x9E,0x89,0x97,0x88,0x87,
  0x8E,0x98,0x89,0x99,0x77,0x77,0x88,0x87,0x48,0x98,0x89,0x98,0xEE,0xEE,0xE8,0x8E,0xEE,0x88,0x99,0x98,
  0x99,0x99,0xA8,0x8A,0x9A,0x88,0x99,0x98,0xEE,0xEE,0xE8,0x8A,0xAF,0x88,0x99,0x98,0x88,0x88,0x88,0x88,
  0x8A,0x86,0x88,0x88,0x99,0xAA,0xE8,0x8E,0xEE,0x98,0x88,0x88,0x88,0x88,0x98,0x89,0x89,0x99,0x98,0x89,
  0x99,0x99,0xA8,0x8A,0x99,0x99,0x98,0x99,0x77,0x77,0x89,0x98,0x77,0x89,0xAA,0x99,0x77,0x77,0x88,0x87,
  0x77,0x78,0x99,0x97,0x85,0x54,0x33,0x34,0x59,0x87,0x56,0x89,0x73,0x55,0x56,0x76,0x58,0x97,0x56,0x89,
  0x74,0x32,0x25,0x63,0x24,0x97,0x56,0x89,0x73,0x33,0x35,0x33,0x39,0x87,0x56,0x89,0x74,0x33,0x33,0x53,
  0x48,0x97,0x56,0x89,0xE7,0x33,0x33,0x53,0x34,0x98,0x76,0x89,0xE7,0x33,0x33,0x53,0x34,0x98,0x86,0x89,
  0xE7,0x33,0x33,0x57,0x57,0x97,0x56,0x89,0xA7,0x43,0x33,0x57,0x79,0x87,0x56,0x89,0xA7,0x43,0x34,0x57,
  0x59,0x87,0x56,0x89,0xA7,0x45,0x55,0x77,0x48,0x97,0x56,0x89,0xE7,0x55,0x55,0x77,0x33,0x97,0x56,0x89,
  0xE7,0x32,0x22,0x56,0x33,0x98,0x56,0x88,0xA5,0x33,0x33,0x35,0x35,0x97,0x76,0x89,0x74,0x33,0x33,0x36,
  0x59,0x87,0x76,0x89,0x74,0x33,0x33,0x36,0x79,0x87,0x56,0x89,0xA9,0xCE,0xCC,0xCC,0xCC,0xCC,0xCC,0xCC,
  0xA9,0xCE,0xCC,0xCC,0xCC,0xCC,0xCC,0xCC,0xA9,0xCE,0xCC,0xCC,0xCC,0xCC,0xCC,0xCC,0xA9,0xCE,0xCC,0xCC,
  0xCC,0xCC,0xCC,0xCC,0xC9,0xCD,0xCC,0xCC,0xCC,0xCC,0xCC,0xCC,0xCB,0xCD,0xCC,0xCC,0xCC,0xCC,0xCC,0xCC,
  0xCB,0xBC,0xCC,0xCC,0xCC,0xCC,0xCC,0xCC,0xC9,0xBC,0xCC,0xCC,0xCC,0xCC,0xCC,0xCC,0xC9,0xBD,0xCC,0xCC,
  0xCC,0xCC,0xCC,0xCC,0xC9,0xBD,0xCC,0xCC,0xCC,0xCC,0xCC,0xCC,0xC9,0xBD,0xCC,0xCC,0xCC,0xCC,0xCC,0xCC,
  0xC9,0xBD,0xCC,0xCC,0xCC,0xCC,0xCC,0xCC,0xC9,0xCD,0xCC,0xCC,0xCC,0xCC,0xCC,0xCC,0xB9,0xCD,0xCC,0xCC,
  0xCC,0xCC,0xCC,0xCC,0xCB,0xFC,0xCC,0xCC,0xCC,0xCC,0xCC,0xCC,0xDB,0xBC,0xCC,0xCC,0xCC,0xCC,0xCC,0xCC,
  0xCC,0xCC,0xCC,0xCC,0xCC,0xCD,0xEC,0xAB,0xCC,0xCC,0xCC,0xCC,0xCC,0xCD,0xEC,0xA9,0xCC,0xCC,0xCC,0xCC,
  0xCC,0xCD,0xEC,0xAB,0xCC,0xCC,0xCC,0xCC,0xCC,0xCD,0xEC,0xAB,0xCC,0xCC,0xCC,0xCC,0xCC,0xCD,0xEA,0xA9,
  0xCC,0xCC,0xCC,0xCC,0xCC,0xCD,0xEA,0xA9,0xCC,0xCC,0xCC,0xCC,0xCC,0xCD,0xEA,0xE9,0xCC,0xCC,0xCC,0xCC,
  0xCC,0xCD,0xEA,0xAC,0xCC,0xCC,0xCC,0xCC,0xCC,0xCD,0xEC,0xAB,0xCC,0xCC,0xCC,0xCC,0xCC,0xCD,0xEC,0xAA,
  0xCC,0xCC,0xCC,0xCC,0xCC,0xCD,0xEC,0xAA,0xCC,0xCC,0xCC,0xCC,0xCC,0xCD,0xEC,0xA9,0xCC,0xCC,0xCC,0xCC,
  0xCC,0xCD,0xAB,0xAB,0xCC,0xCC,0xCC,0xCC,0xCC,0xCD,0xAA,0xA9,0xCC,0xCC,0xCC,0xCC,0xCC,0xCD,0xAA,0xA9,
  0xCC,0xCC,0xCC,0xCC,0xCC,0xCD,0xAB,0xA9,0x86,0x65,0x79,0x73,0x33,0x55,0x57,0x79,0x86,0x67,0x88,0x73,
  0x44,0x53,0x35,0x98,0x86,0x67,0x88,0x53,0x55,0x34,0x33,0x88,0x86,0x65,0x79,0x74,0x54,0x34,0x33,0x88,
  0x86,0x67,0x89,0x75,0x33,0x33,0x37,0x88,0x96,0x67,0x97,0x54,0x33,0x33,0x38,0x89,0x97,0x67,0x97,0x65,
  0x33,0x33,0x38,0x8A,0x86,0x65,0x97,0x55,0x53,0x33,0x38,0x8A,0x86,0x65,0x88,0x53,0x45,0x43,0x37,0x88,
  0x96,0x65,0x79,0x73,0x34,0x53,0x45,0x87,0x96,0x65,0x79,0x73,0x33,0x45,0x55,0x53,0x86,0x67,0x8B,0x73,
  0x33,0x37,0x88,0x88,0x86,0x67,0x98,0x53,0x34,0x78,0x99,0x99,0x96,0x67,0x97,0x33,0x34,0x88,0x88,0x88,
  0x96,0x67,0x88,0x75,0x34,0x88,0x88,0x87,0x86,0x65,0x79,0x75,0x55,0x88,0x88,0x94,0x88,0x43,0x33,0x35,
  0x66,0x89,0x8E,0x55,0x95,0x43,0x33,0x32,0x55,0x89,0x8E,0x75,0x97,0x43,0x33,0x33,0x63,0x3A,0x8E,0x73,
  0x97,0x43,0x33,0x35,0x74,0x49,0x8E,0x73,0x85,0x33,0x33,0x55,0x76,0x59,0x89,0x77,0x73,0x33,0x35,0x55,
  0x55,0x5A,0x88,0xE9,0x75,0x55,0x57,0x33,0x33,0x39,0x98,0x98,0x87,0x77,0x77,0x55,0x55,0x5A,0x98,0x82,
  0x77,0x77,0x77,0x77,0x77,0x7A,0x98,0x86,0x55,0x77,0x77,0x77,0x77,0x7A,0x99,0x89,0x33,0x57,0x55,0x55,
  0x57,0x78,0x99,0x98,0x88,0x78,0x77,0x88,0x85,0x57,0x89,0x97,0x99,0x88,0x99,0x89,0x98,0x55,0x58,0x75,
  0x88,0x88,0x88,0x88,0x8E,0x74,0x44,0x75,0x78,0x88,0x88,0x68,0x8E,0x53,0x43,0x57,0x47,0x88,0x68,0x68,
  0x8A,0x53,0x35,0x77,0x55,0x86,0x84,0x57,0x78,0x96,0x88,0xA8,0x39,0x79,0x55,0x77,0x88,0x92,0x83,0x89,
  0x78,0x88,0x77,0x88,0x99,0x85,0x88,0x88,0x98,0x97,0x88,0xAE,0x89,0x98,0x88,0x77,0x88,0x98,0x9E,0x89,
  0x98,0x88,0x78,0x55,0x58,0xAA,0x99,0xA8,0x87,0x77,0x57,0x24,0x58,0x99,0x98,0x97,0x77,0x55,0x47,0x23,
  0x85,0x88,0x85,0x75,0x57,0x44,0x57,0x53,0x88,0x85,0x75,0x54,0x47,0x75,0x77,0x75,0x88,0x75,0x54,0x33,
  0x47,0x75,0x55,0x55,0x87,0x74,0x33,0x33,0x47,0x53,0x33,0x33,0x54,0x55,0x33,0x33,0x45,0x23,0x33,0x33,
  0x43,0x36,0x53,0x33,0x55,0x23,0x33,0x33,0x33,0x56,0x65,0x55,0x65,0x23,0x33,0x33,0x55,0x55,0x55,0x55,
  0x56,0x53,0x33,0x35,0x55,0x33,0x33,0x33,0x35,0x65,0x55,0x56,0x99,0x99,0x87,0x77,0x77,0x75,0x55,0x56,
  0x88,0x77,0x75,0x45,0x75,0x55,0x57,0x75,0x77,0x75,0x54,0x33,0x75,0x33,0x35,0x53,0x75,0x54,0x33,0x33,
  0x53,0x33,0x34,0x54,0x33,0x33,0x33,0x33,0x45,0x33,0x35,0x63,0x33,0x33,0x33,0x33,0x45,0x23,0x35,0x63,
  0x33,0x33,0x33,0x33,0x45,0x33,0x35,0x63,0x33,0x33,0x33,0x33,0x57,0x65,0x57,0x65,0x53,0x33,0x33,0x33,
  0x57,0x75,0x55,0x55,0x55,0x33,0x33,0x33,0x57,0x74,0x33,0x33,0x35,0x55,0x55,0x55,0x77,0x52,0x33,0x33,
  0x33,0x56,0x65,0x55,0x57,0x52,0x33,0x33,0x33,0x35,0x53,0x33,0x35,0x52,0x33,0x33,0x33,0x55,0x33,0x33,
  0x33,0x52,0x33,0x33,0x55,0x53,0x33,0x33,0x35,0x65,0x33,0x35,0x55,0x33,0x33,0x33,0x35,0x76,0x55,0x56,
  0x55,0x55,0x55,0x55,0x54,0x57,0x75,0x55,0x23,0x32,0x35,0x55,0x75,0x55,0x57,0x75,0x33,0x33,0x33,0x35,
  0x54,0x33,0x45,0x53,0x33,0x33,0x33,0x35,0x53,0x33,0x35,0x53,0x33,0x33,0x33,0x55,0x33,0x33,0x35,0x53,
  0x33,0x33,0x35,0x52,0x33,0x33,0x35,0x53,0x33,0x33,0x56,0x53,0x33,0x33,0x35,0x53,0x33,0x35,0x55,0x55,
  0x53,0x33,0x35,0x53,0x55,0x55,0x33,0x33,0x54,0x33,0x35,0x75,0x55,0x52,0x33,0x33,0x35,0x53,0x55,0x55,
  0x33,0x53,0x33,0x33,0x33,0x55,0x55,0x52,0x33,0x35,0x33,0x33,0x33,0x35,0x53,0x33,0x33,0x55,0x33,0x33,
  0x33,0x33,0x53,0x33,0x33,0x55,0x53,0x33,0x33,0x33,0x53,0x33,0x55,0x57,0x55,0x53,0x33,0x45,0x53,0x44,
  0x55,0x55,0x55,0x55,0x55,0x56,0x54,0x34,0x53,0x33,0x33,0x33,0x56,0x55,0x55,0x55,0x33,0x33,0x33,0x33,
  0x55,0x55,0x57,0x54,0x33,0x33,0x33,0x33,0x54,0x33,0x55,0x33,0x33,0x33,0x33,0x35,0x53,0x33,0x54,0x33,
  0x33,0x33,0x33,0x35,0x53,0x33,0x53,0x33,0x33,0x33,0x33,0x35,0x53,0x33,0x53,0x33,0x33,0x33,0x33,0x33,
  0x55,0x33,0x55,0x33,0x33,0x33,0x33,0x33,0x55,0x35,0x55,0x33,0x53,0x33,0x33,0x33,0x57,0x55,0x77,0x55,
  0x55,0x33,0x33,0x33,0x57,0x55,0x55,0x55,0x35,0x53,0x33,0x33,0x55,0x43,0x33,0x33,0x33,0x55,0x33,0x33,
  0x55,0x33,0x33,0x33,0x33,0x55,0x53,0x35,0x55,0x33,0x33,0x33,0x35,0x56,0x55,0x55,0x75,0x33,0x33,0x33,
  0x55,0x55,0x55,0x55,0x55,0x33,0x33,0x55,0x53,0x33,0x33,0x33,0x45,0x55,0x55,0x65,0x55,0x55,0x55,0x55,
  0x55,0x56,0x65,0x55,0x33,0x22,0x55,0x56,0x75,0x55,0x66,0x53,0x33,0x33,0x33,0x35,0x53,0x32,0x56,0x33,
  0x33,0x33,0x35,0x53,0x33,0x33,0x35,0x33,0x33,0x33,0x55,0x33,0x33,0x33,0x35,0x33,0x33,0x35,0x63,0x33,
  0x33,0x33,0x35,0x33,0x33,0x35,0x75,0x33,0x33,0x33,0x35,0x53,0x35,0x55,0x55,0x53,0x33,0x33,0x55,0x75,
  0x55,0x53,0x33,0x45,0x43,0x55,0x65,0x56,0x57,0x43,0x33,0x25,0x55,0x65,0x53,0x35,0x45,0x43,0x33,0x35,
  0x57,0x53,0x33,0x32,0x35,0x43,0x33,0x33,0x55,0x33,0x33,0x33,0x35,0x53,0x33,0x33,0x54,0x44,0x33,0x38,
  0x35,0x53,0x33,0x33,0x53,0x33,0x44,0x78,0x55,0x53,0x33,0x35,0x88,0x78,0x87,0x97,0x57,0x75,0x55,0x58,
  0x88,0x88,0x98,0x77,0x33,0x33,0x33,0x33,0x36,0x55,0x66,0x52,0x33,0x33,0x33,0x33,0x55,0x33,0x56,0x23,
  0x33,0x33,0x33,0x35,0x53,0x33,0x25,0x33,0x33,0x33,0x33,0x35,0x33,0x33,0x25,0x33,0x33,0x33,0x33,0x33,
  0x52,0x33,0x36,0x33,0x33,0x33,0x33,0x33,0x52,0x33,0x36,0x33,0x33,0x33,0x33,0x33,0x63,0x33,0x56,0x33,
  0x33,0x33,0x33,0x33,0x67,0x55,0x66,0x53,0x43,0x33,0x33,0x33,0x77,0x75,0x55,0x55,0x53,0x33,0x33,0x35,
  0x77,0x53,0x33,0x35,0x55,0x55,0x55,0x56,0x77,0x33,0x33,0x33,0x78,0x77,0x55,0x55,0x77,0x33,0x33,0x33,
  0x77,0x88,0x53,0x33,0x47,0x33,0x88,0x88,0x22,0x88,0x77,0x74,0x27,0x27,0x88,0x88,0x77,0x77,0x77,0x78,
  0x88,0x77,0x47,0x17,0x77,0x87,0x52,0x37,0x8E,0x84,0x47,0x17,0x33,0x33,0x33,0x57,0x75,0x55,0x77,0x79,
  0x33,0x33,0x33,0x26,0x52,0x33,0x57,0x77,0x33,0x33,0x33,0x36,0x33,0x33,0x47,0x45,0x33,0x33,0x33,0x56,
  0x33,0x33,0x55,0x33,0x33,0x33,0x35,0x66,0x75,0x55,0x52,0x33,0x33,0x33,0x55,0x55,0x55,0x57,0x52,0x33,
  0x33,0x35,0x53,0x33,0x33,0x35,0x52,0x33,0x33,0x55,0x33,0x33,0x33,0x33,0x53,0x33,0x55,0x52,0x33,0x33,
  0x33,0x33,0x47,0x55,0x56,0x62,0x33,0x33,0x33,0x33,0x47,0x75,0x35,0x52,0x33,0x33,0x33,0x33,0x47,0x53,
  0x33,0x52,0x33,0x33,0x33,0x33,0x45,0x24,0x83,0x54,0x33,0x33,0x33,0x33,0x45,0x23,0x87,0x45,0x53,0x33,
  0x33,0x33,0x47,0x43,0x47,0x78,0x87,0x33,0x33,0x33,0x47,0x65,0x44,0x79,0x88,0x84,0x33,0x33,0x57,0x65,
  0x88,0x79,0x88,0x77,0x45,0x77,0x55,0x55,0x87,0x55,0x87,0x77,0x75,0x55,0x76,0x53,0x55,0x44,0x55,0x47,
  0x53,0x33,0x55,0x33,0x33,0x33,0x33,0x55,0x33,0x33,0x55,0x23,0x33,0x33,0x45,0x52,0x33,0x33,0x55,0x23,
  0x33,0x33,0x55,0x24,0x33,0x33,0x55,0x23,0x33,0x35,0x75,0x44,0x33,0x33,0x55,0x23,0x33,0x55,0x55,0x54,
  0x33,0x33,0x55,0x33,0x55,0x53,0x33,0x35,0x53,0x33,0x56,0x65,0x55,0x24,0x33,0x33,0x55,0x33,0x56,0x55,
  0x35,0x43,0x33,0x34,0x35,0x55,0x55,0x33,0x43,0x73,0x33,0x34,0x33,0x56,0x53,0x33,0x33,0x53,0x33,0x33,
  0x33,0x35,0x33,0x33,0x34,0x65,0x33,0x33,0x33,0x35,0x33,0x34,0x55,0x77,0x55,0x33,0x33,0x55,0x33,0x35,
  0x44,0x55,0x55,0x55,0x55,0x75,0x53,0x35,0x33,0x33,0x55,0x57,0x75,0x44,0x44,0x55,0x33,0x33,0x43,0x45,
  0x55,0x55,0x75,0x52,0x33,0x33,0x33,0x45,0x43,0x34,0x75,0x34,0x33,0x33,0x33,0x55,0x33,0x35,0x54,0x34,
  0x33,0x33,0x33,0x55,0x33,0x35,0x53,0x33,0x33,0x33,0x35,0x65,0x33,0x35,0x53,0x33,0x33,0x33,0x55,0x55,
  0x33,0x55,0x53,0x33,0x33,0x35,0x53,0x33,0x55,0x57,0x53,0x33,0x55,0x53,0x33,0x33,0x57,0x55,0x55,0x55,
  0x75,0x53,0x33,0x33,0x55,0x33,0x33,0x55,0x55,0x33,0x33,0x33,0x55,0x33,0x33,0x23,0x55,0x43,0x33,0x33,
  0x53,0x33,0x33,0x33,0x57,0x55,0x55,0x55,0x53,0x33,0x33,0x33,0x55,0x55,0x55,0x57,0x53,0x33,0x33,0x33,
  0x54,0x33,0x33,0x45,0x53,0x33,0x33,0x35,0x43,0x44,0x45,0x88,0x88,0x73,0x33,0x55,0x55,0x55,0x55,0x55,
  0x55,0x45,0x75,0x38,0x22,0x22,0x23,0x56,0x55,0x55,0x53,0x38,0x33,0x33,0x35,0x35,0x43,0x33,0x53,0x38,
  0x33,0x33,0x55,0x33,0x33,0x33,0x53,0x38,0x33,0x35,0x53,0x33,0x33,0x33,0x53,0x38,0x33,0x35,0x33,0x33,
  0x33,0x33,0x53,0x38,0x33,0x56,0x53,0x33,0x33,0x33,0x55,0x38,0x55,0x55,0x55,0x33,0x33,0x34,0x57,0x55,
  0x55,0x33,0x34,0x55,0x33,0x55,0x55,0x55,0x75,0x33,0x33,0x55,0x55,0x55,0x33,0x45,0x55,0x33,0x33,0x55,
  0x75,0x33,0x33,0x33,0x55,0x33,0x33,0x35,0x53,0x33,0x33,0x33,0x55,0x33,0x33,0x35,0x53,0x33,0x33,0x33,
  0x55,0x33,0x33,0x35,0x53,0x33,0x33,0x33,0x55,0x33,0x33,0x35,0x53,0x33,0x33,0x35,0x77,0x55,0x55,0x56,
  0x53,0x33,0x35,0x55,0x88,0x88,0x88,0x88,0x88,0x88,0x88,0xE7,0x98,0x88,0x88,0x88,0x88,0x88,0x88,0xA7,
  0x99,0x99,0x99,0x99,0x99,0x99,0x99,0xE7,0x9E,0x99,0x99,0x99,0x99,0x99,0xE9,0xE7,0x9A,0x87,0x77,0x77,
  0x77,0x77,0x99,0xE7,0x9E,0x87,0x77,0x77,0x77,0x77,0x99,0xE7,0x99,0x87,0x77,0x57,0x55,0x77,0x89,0x95,
  0x87,0x55,0x55,0x57,0x54,0x44,0x78,0x74,0x65,0x32,0x33,0x49,0x85,0x34,0x57,0x55,0x53,0x33,0x33,0x39,
  0x77,0x55,0x55,0x45,0x54,0x33,0x33,0x39,0x18,0x76,0x53,0x33,0x35,0x53,0x33,0x37,0x77,0x85,0x33,0x33,
  0x35,0x54,0x33,0x33,0x94,0x94,0x33,0x33,0x35,0x54,0x33,0x33,0x87,0x77,0x44,0x33,0x55,0x75,0x55,0x33,
  0x49,0x79,0x74,0x34,0x55,0x55,0x55,0x55,0x57,0x77,0x75,0x55,0x55,0x55,0x56,0x76,0x65,0x55,0x56,0x53,
  0x33,0x33,0x35,0x66,0x55,0x56,0x65,0x33,0x33,0x33,0x33,0x65,0x33,0x35,0x63,0x33,0x33,0x33,0x35,0x63,
  0x33,0x35,0x53,0x33,0x33,0x33,0x56,0x77,0x55,0x56,0x23,0x33,0x33,0x35,0x55,0x55,0x55,0x66,0x23,0x33,
  0x33,0x55,0x33,0x33,0x32,0x56,0x23,0x33,0x35,0x53,0x33,0x33,0x33,0x35,0x33,0x33,0x56,0x23,0x33,0x33,
  0x33,0x33,0x75,0x53,0x66,0x23,0x33,0x33,0x33,0x33,0x76,0x58,0x56,0x33,0x33,0x33,0x33,0x33,0x75,0x4F,
  0x36,0x33,0x33,0x33,0x33,0x33,0x72,0x77,0x35,0x53,0x33,0x33,0x33,0x33,0x73,0x91,0x33,0x55,0x33,0x33,
  0x33,0x33,0x77,0x71,0x33,0x36,0x53,0x33,0x33,0x33,0x7C,0x17,0x55,0x56,0x65,0x33,0x33,0x35,0x7B,0x17,
  0x22,0x33,0x35,0x76,0x55,0x56,0x55,0x52,0x33,0x33,0x33,0x75,0x22,0x35,0x75,0x34,0x33,0x33,0x33,0x62,
  0x33,0x34,0x53,0x44,0x33,0x33,0x34,0x62,0x33,0x35,0x24,0x44,0x33,0x33,0x35,0x62,0x33,0x45,0x24,0x33,
  0x33,0x33,0x33,0x55,0x33,0x45,0x24,0x33,0x33,0x33,0x33,0x36,0x23,0x45,0x23,0x33,0x33,0x33,0x33,0x36,
  0x33,0x55,0x44,0x33,0x33,0x33,0x33,0x37,0x75,0x67,0x75,0x55,0x43,0x33,0x33,0x37,0x65,0x55,0x55,0x55,
  0x54,0x33,0x33,0x37,0x53,0x33,0x34,0x73,0x85,0x33,0x33,0x35,0x23,0x34,0x47,0x87,0x97,0x53,0x35,0x55,
  0x23,0x57,0x59,0x79,0x78,0x75,0x55,0x65,0x24,0x78,0x79,0x77,0x1B,0x45,0x55,0x56,0x54,0x96,0xE9,0x77,
  0x49,0x33,0x33,0x35,0x78,0x87,0x87,0x77,0x33,0x22,0x35,0x75,0x55,0x55,0x55,0x55,0x33,0x33,0x33,0x75,
  0x33,0x35,0x65,0x32,0x33,0x33,0x34,0x52,0x44,0x44,0x52,0x33,0x33,0x33,0x45,0x52,0x43,0x45,0x53,0x33,
  0x33,0x33,0x35,0x63,0x44,0x45,0x52,0x33,0x33,0x33,0x35,0x76,0x55,0x57,0x52,0x33,0x33,0x33,0x35,0x55,
  0x55,0x57,0x52,0x33,0x33,0x33,0x55,0x22,0x22,0x35,0x54,0x33,0x55,0x55,0x53,0x33,0x33,0x33,0x57,0x55,
  0x77,0x54,0x33,0x33,0x33,0x33,0x55,0x55,0x55,0x53,0x33,0x33,0x33,0x33,0x55,0x34,0x35,0x24,0x33,0x33,
  0x33,0x35,0x52,0x43,0x45,0x33,0x33,0x33,0x33,0x55,0x43,0x33,0x75,0x33,0x33,0x33,0x33,0x55,0x33,0x33,
  0xB5,0x24,0x33,0x33,0x33,0x55,0x33,0x35,0x78,0x54,0x33,0x33,0x35,0x65,0x34,0x55,0x77,0x77,0x77,0x77,
  0x89,0x98,0x55,0x55,0x45,0x55,0x57,0x75,0x57,0x87,0x54,0x33,0x33,0x33,0x45,0x54,0x33,0x35,0x53,0x33,
  0x33,0x33,0x35,0x53,0x33,0x35,0x53,0x33,0x33,0x33,0x54,0x33,0x33,0x35,0x53,0x33,0x33,0x35,0x52,0x33,
  0x33,0x35,0x53,0x33,0x33,0x56,0x53,0x33,0x33,0x35,0x53,0x33,0x35,0x55,0x55,0x53,0x33,0x35,0x53,0x33,
  0x55,0x33,0x33,0x55,0x33,0x35,0x75,0x55,0x52,0x33,0x33,0x45,0x53,0x45,0x55,0x55,0x53,0x33,0x33,0x34,
  0x55,0x55,0x33,0x33,0x35,0x33,0x33,0x34,0x35,0x53,0x35,0x33,0x45,0x33,0x33,0x33,0x35,0x53,0x33,0x33,
  0x55,0x53,0x33,0x33,0x35,0x53,0x33,0x33,0x57,0x55,0x53,0x33,0x35,0x53,0x33,0x33,0x55,0x55,0x55,0x55,
  0x56,0x55,0x35,0x55,0x55,0x55,0x58,0x75,0x57,0x78,0x77,0x77,0x33,0x33,0x33,0x55,0x55,0x77,0x75,0x55,
  0x33,0x33,0x33,0x53,0x23,0x35,0x33,0x33,0x33,0x33,0x55,0x53,0x33,0x35,0x33,0x33,0x33,0x35,0x57,0x75,
  0x55,0x54,0x33,0x33,0x33,0x55,0x55,0x55,0x55,0x75,0x33,0x33,0x33,0x53,0x33,0x33,0x35,0x54,0x33,0x33,
  0x55,0x33,0x33,0x33,0x33,0x55,0x33,0x33,0x55,0x33,0x33,0x33,0x33,0x35,0x55,0x55,0x65,0x33,0x33,0x33,
  0x33,0x35,0x75,0x55,0x55,0x33,0x33,0x33,0x33,0x35,0x53,0x35,0x55,0x33,0x33,0x33,0x33,0x35,0x33,0x33,
  0x55,0x43,0x33,0x33,0x33,0x35,0x33,0x33,0x35,0x55,0x33,0x33,0x33,0x35,0x53,0x33,0x33,0x55,0x53,0x33,
  0x33,0x35,0x75,0x55,0x55,0x57,0x55,0x33,0x33,0x77,0x75,0x55,0x43,0x33,0x33,0x35,0x59,0x87,0x56,0x89,
  0x33,0x33,0x33,0x35,0x38,0x97,0x56,0x89,0x33,0x33,0x35,0x53,0x37,0x97,0x56,0x89,0x33,0x33,0x35,0x33,
  0x49,0x87,0x56,0x89,0x33,0x35,0x53,0x33,0x48,0x97,0x56,0x89,0x33,0x56,0x33,0x33,0x34,0x97,0x76,0x89,
  0x33,0x56,0x53,0x33,0x34,0xA7,0x76,0x89,0x55,0x55,0x55,0x33,0x37,0x97,0x56,0x89,0x53,0x33,0x35,0x53,
  0x39,0x87,0x56,0x89,0x33,0x33,0x33,0x45,0x49,0x87,0x56,0x89,0x55,0x33,0x33,0x35,0x58,0x97,0x56,0x89,
  0x55,0x33,0x33,0x33,0x55,0xA7,0x56,0x89,0x54,0x33,0x33,0x33,0x25,0x97,0x56,0x89,0x55,0x43,0x33,0x33,
  0x27,0x97,0x76,0x89,0x57,0x55,0x33,0x33,0x39,0x87,0x76,0x89,0x55,0x54,0x55,0x55,0x59,0x87,0x56,0x89,
  0xE9,0xBD,0xCC,0xCC,0xCC,0xCC,0xCC,0xCC,0xE9,0xBA,0xCC,0xCC,0xCC,0xCC,0xCC,0xCC,0xE9,0xBA,0xCC,0xCC,
  0xCC,0xCC,0xCC,0xCC,0xE9,0xBA,0xCC,0xCC,0xCC,0xCC,0xCC,0xCC,0xAB,0xBE,0xCC,0xCC,0xCC,0xCC,0xCC,0xCC,
  0xAB,0xCE,0xCC,0xCC,0xCC,0xCC,0xCC,0xCC,0xAB,0xCE,0xCC,0xCC,0xCC,0xCC,0xCC,0xCC,0xA9,0xBE,0xCC,0xCC,
  0xCC,0xCC,0xCC,0xCC,0xE9,0xBA,0xCC,0xCC,0xCC,0xCC,0xCC,0xCC,0xE9,0xBA,0xCC,0xCC,0xCC,0xCC,0xCC,0xCC,
  0xA9,0xBA,0xCC,0xCC,0xCC,0xCC,0xCC,0xCC,0xAB,0xBA,0xCC,0xCC,0xCC,0xCC,0xCC,0xCC,0xA9,0xBE,0xCC,0xCC,
  0xCC,0xCC,0xCC,0xCC,0xDB,0xCA,0xCC,0xCC,0xCC,0xCC,0xCC,0xCC,0xAB,0xBA,0xCC,0xCC,0xCC,0xCC,0xCC,0xCC,
  0xA9,0xBA,0xCC,0xCC,0xCC,0xCC,0xCC,0xCC,0xCC,0xCC,0xCC,0xCC,0xCC,0xCD,0xEA,0xAB,0xCC,0xCC,0xCC,0xCC,
  0xCC,0xCD,0xEA,0xAB,0xCC,0xCC,0xCC,0xCC,0xCC,0xCD,0xEA,0xA9,0xCC,0xCC,0xCC,0xCC,0xCC,0xCD,0xEA,0xA9,
  0xCC,0xCC,0xCC,0xCC,0xCC,0xCD,0xEA,0xA9,0xCC,0xCC,0xCC,0xCC,0xCC,0xCD,0xEA,0xA9,0xCC,0xCC,0xCC,0xCC,
  0xCC,0xCD,0xEA,0xAB,0xCC,0xCC,0xCC,0xCC,0xCC,0xCD,0xAB,0xAB,0xCC,0xCC,0xCC,0xCC,0xCC,0xCD,0xEC,0xAC,
  0xCC,0xCC,0xCC,0xCC,0xCC,0xCD,0xEC,0xAA,0xCC,0xCC,0xCC,0xCC,0xCC,0xCD,0xEC,0xAA,0xCC,0xCC,0xCC,0xCC,
  0xCC,0xCD,0xEC,0xA9,0xCC,0xCC,0xCC,0xCC,0xCC,0xCD,0xEA,0xAB,0xCC,0xCC,0xCC,0xCC,0xCC,0xCD,0xEA,0xEB,
  0xCC,0xCC,0xCC,0xCC,0xCC,0xCD,0xEA,0xA9,0xCC,0xCC,0xCC,0xCC,0xCC,0xCD,0xAB,0xA9,0x86,0x65,0x7B,0x74,
  0x57,0x98,0x88,0x94,0x86,0x67,0x88,0x73,0x55,0x88,0x88,0x87,0x86,0x67,0x88,0x73,0x54,0x88,0x88,0x68,
  0x86,0x67,0x7B,0x74,0x54,0x88,0x88,0x68,0x86,0x67,0x98,0x55,0x54,0x88,0x88,0x68,0x96,0x67,0x97,0x55,
  0x64,0x88,0x88,0x87,0x96,0x67,0x97,0x54,0x45,0x88,0x87,0x74,0x86,0x65,0x97,0x33,0x34,0x88,0x87,0x77,
  0x86,0x65,0x78,0x73,0x33,0x88,0x88,0x88,0x96,0x65,0x79,0x73,0x34,0x88,0x88,0x68,0x96,0x65,0x7B,0x74,
  0x34,0x88,0x88,0x68,0x86,0x67,0x8B,0x73,0x35,0x88,0x88,0x88,0x86,0x67,0x98,0x75,0x55,0x98,0x88,0x86,
  0x98,0x67,0x97,0x43,0x57,0x98,0x88,0x65,0x96,0x67,0x78,0x73,0x35,0x98,0x98,0x66,0x86,0x65,0x79,0x74,
  0x35,0x98,0x88,0x86,0x77,0x86,0x68,0x68,0x8E,0x75,0x56,0x75,0x78,0x88,0x88,0x68,0x8E,0x75,0x55,0x62,
  0x88,0x66,0x88,0x68,0x8E,0x53,0x33,0x62,0x88,0x66,0x88,0x68,0x8E,0x53,0x35,0x53,0x88,0x88,0x88,0x66,
  0x8E,0x75,0x56,0x33,0x77,0x77,0x88,0x88,0x8E,0x75,0x67,0x23,0x44,0x44,0x77,0x68,0x8E,0x53,0x35,0x23,
  0x77,0x78,0x88,0x68,0x8E,0x54,0x35,0x53,0x88,0x88,0x88,0x88,0x8E,0x73,0x33,0x55,0x88,0x66,0x88,0x68,
  0x8E,0x53,0x33,0x66,0x88,0x66,0x88,0x68,0x8E,0x53,0x33,0x65,0x88,0x88,0x88,0x88,0x8A,0x53,0x33,0x52,
  0x66,0x66,0x66,0x67,0x68,0x84,0x33,0x62,0x55,0x66,0x66,0x56,0x78,0x88,0x33,0x65,0x55,0x55,0x55,0x56,
  0x88,0x89,0x53,0x66,0x66,0x66,0x66,0x66,0x78,0x89,0x35,0x66,0x33,0x33,0x33,0x33,0x33,0x75,0x57,0x75,
  0x33,0x33,0x33,0x33,0x35,0x53,0x35,0x52,0x33,0x33,0x33,0x33,0x55,0x33,0x32,0x53,0x33,0x33,0x33,0x33,
  0x55,0x33,0x33,0x54,0x33,0x33,0x33,0x33,0x35,0x23,0x33,0x53,0x33,0x33,0x33,0x33,0x35,0x23,0x33,0x53,
  0x33,0x33,0x33,0x33,0x36,0x53,0x45,0x63,0x33,0x33,0x33,0x33,0x37,0x65,0x57,0x65,0x53,0x33,0x33,0x33,
  0x47,0x76,0x55,0x55,0x35,0x33,0x33,0x33,0x57,0x73,0x33,0x33,0x35,0x55,0x55,0x55,0x77,0x72,0x33,0x33,
  0x33,0x56,0x65,0x33,0x57,0x72,0x33,0x33,0x44,0x47,0x43,0x33,0x34,0x63,0x33,0x33,0x44,0x53,0x33,0x33,
  0x33,0x62,0x33,0x33,0x55,0x43,0x33,0x33,0x34,0x65,0x33,0x35,0x44,0x33,0x33,0x33,0x34,0x76,0x55,0x55,
  0x33,0x33,0x33,0x33,0x35,0x65,0x57,0x54,0x33,0x33,0x33,0x33,0x45,0x52,0x35,0x52,0x33,0x33,0x33,0x33,
  0x53,0x33,0x34,0x52,0x33,0x33,0x33,0x33,0x52,0x33,0x45,0x52,0x33,0x33,0x33,0x33,0x65,0x33,0x55,0x52,
  0x33,0x33,0x33,0x33,0x66,0x55,0x57,0x52,0x33,0x33,0x33,0x55,0x34,0x44,0x57,0x52,0x33,0x33,0x33,0x55,
  0x33,0x33,0x35,0x55,0x55,0x55,0x55,0x43,0x33,0x33,0x33,0x57,0x35,0x67,0x63,0x33,0x33,0x33,0x33,0x45,
  0x33,0x56,0x53,0x33,0x33,0x33,0x33,0x53,0x33,0x35,0x23,0x33,0x33,0x33,0x33,0x32,0x33,0x45,0x23,0x33,
  0x33,0x44,0x33,0x22,0x33,0x45,0x23,0x33,0x33,0x32,0x23,0x22,0x54,0x55,0x23,0x33,0x33,0x22,0x32,0x22,
  0x45,0x76,0x53,0x33,0x32,0x25,0x32,0x22,0x22,0x33,0x33,0x35,0x75,0x55,0x55,0x55,0x33,0x33,0x33,0x35,
  0x63,0x33,0x45,0x54,0x33,0x33,0x33,0x35,0x52,0x33,0x35,0x52,0x33,0x33,0x33,0x55,0x55,0x33,0x55,0x33,
  0x33,0x33,0x34,0x57,0x65,0x55,0x55,0x34,0x33,0x33,0x35,0x55,0x55,0x55,0x75,0x34,0x33,0x35,0x53,0x33,
  0x33,0x33,0x55,0x33,0x33,0x35,0x53,0x33,0x33,0x33,0x45,0x44,0x55,0x53,0x23,0x33,0x33,0x33,0x35,0x55,
  0x33,0x53,0x22,0x22,0x22,0x33,0x35,0x75,0x22,0x33,0x22,0x22,0x22,0x22,0x35,0x53,0x22,0x22,0x22,0x22,
  0x22,0x22,0x25,0x53,0x22,0x22,0x22,0x21,0x22,0x22,0x23,0x53,0x22,0x22,0x22,0x11,0x12,0x22,0x23,0x53,
  0x22,0x22,0x22,0x11,0x12,0x22,0x23,0x55,0x22,0x22,0x22,0x11,0x12,0x22,0x22,0x53,0x33,0x33,0x33,0x33,
  0x35,0x55,0x57,0x54,0x33,0x33,0x33,0x33,0x55,0x33,0x45,0x43,0x33,0x33,0x33,0x35,0x53,0x33,0x35,0x43,
  0x33,0x33,0x33,0x35,0x53,0x33,0x35,0x54,0x33,0x33,0x33,0x33,0x55,0x34,0x35,0x53,0x33,0x33,0x33,0x33,
  0x55,0x78,0x88,0x88,0x33,0x33,0x33,0x33,0x57,0x86,0x66,0x66,0x33,0x33,0x33,0x33,0x58,0x66,0x66,0x66,
  0x53,0x33,0x33,0x33,0x58,0x66,0x86,0x86,0x55,0x33,0x33,0x35,0x58,0x66,0x66,0x66,0x35,0x55,0x55,0x56,
  0x78,0x66,0x66,0x66,0x35,0x56,0x53,0x34,0x58,0x66,0x66,0x66,0x34,0x55,0x33,0x33,0x79,0x66,0x66,0x86,
  0x35,0x54,0x33,0x38,0x88,0x66,0x66,0x66,0x55,0x33,0x33,0x38,0x88,0x86,0x66,0x66,0x23,0x34,0x33,0x38,
  0x88,0x88,0x88,0x88,0x55,0x55,0x55,0x59,0x66,0x88,0x84,0x11,0x33,0x33,0x33,0x48,0x68,0x99,0x74,0x14,
  0x33,0x33,0x33,0x38,0x68,0x87,0x74,0x44,0x33,0x33,0x33,0x38,0x99,0x87,0x88,0x97,0x33,0x33,0x43,0x78,
  0x89,0x97,0x99,0x99,0x88,0x87,0x37,0x97,0x77,0x99,0x99,0x99,0x66,0x88,0x59,0x98,0x87,0x88,0x97,0x87,
  0x66,0x68,0x79,0x99,0x98,0x98,0x87,0x77,0x68,0x68,0x77,0x79,0x88,0x99,0x89,0x89,0x66,0x68,0x73,0x48,
  0x68,0x99,0x74,0x44,0x66,0x68,0x75,0x58,0x68,0x97,0x41,0x11,0x66,0x68,0x74,0x48,0x68,0x77,0x41,0x11,
  0x68,0x68,0x88,0x89,0x68,0x44,0x44,0x11,0x66,0x68,0x88,0x89,0x87,0x47,0x74,0x14,0x66,0x68,0x88,0x89,
  0x97,0x44,0x77,0x44,0x88,0x89,0x88,0x89,0x98,0x77,0x88,0x78,0x11,0x78,0x87,0x54,0x5E,0x74,0x47,0x17,
  0x11,0x47,0x98,0x87,0x88,0x74,0x47,0x17,0x74,0x77,0x89,0x98,0xA4,0x47,0x74,0x44,0x98,0x79,0x9B,0x99,
  0xD7,0x41,0x44,0x44,0xBB,0x99,0x87,0x99,0x98,0x77,0x74,0x44,0x99,0x97,0x77,0x9B,0xA7,0x78,0xA8,0x77,
  0x88,0x97,0x78,0x8C,0x54,0x58,0x88,0x88,0x78,0x98,0x99,0x98,0x25,0x59,0x88,0x88,0x89,0x99,0x98,0x95,
  0x55,0x87,0x98,0x99,0x78,0x99,0x87,0x88,0x88,0x98,0x99,0xB4,0x47,0x98,0x87,0x87,0x78,0x98,0x89,0x77,
  0x47,0x78,0x88,0x53,0x45,0x99,0x99,0x49,0x47,0x48,0x87,0x22,0x58,0xA8,0x79,0x49,0x47,0x47,0x84,0x35,
  0x8E,0x87,0x79,0x49,0x74,0x44,0x85,0x58,0x9F,0x77,0x89,0x79,0x87,0x47,0x98,0x89,0xA9,0x88,0x99,0x79,
  0x44,0x49,0x86,0xE5,0x55,0x55,0x65,0x53,0x44,0x77,0x96,0xE5,0x65,0x55,0x56,0x23,0x77,0x44,0x96,0xE2,
  0x53,0x33,0x35,0x23,0x41,0x44,0x97,0xE4,0x33,0x33,0x46,0x23,0x74,0x77,0x96,0xE4,0x33,0x33,0x36,0x23,
  0x88,0x84,0x96,0xE4,0x33,0x33,0x36,0x23,0x88,0x77,0x97,0xE4,0x33,0x33,0x36,0x53,0x89,0x77,0x78,0xE3,
  0x33,0x33,0x56,0x65,0x98,0x74,0x17,0xA5,0x33,0x55,0x54,0x55,0x47,0x77,0x77,0xB7,0x55,0x54,0x43,0x35,
  0x47,0x88,0x99,0xB5,0x67,0x53,0x33,0x35,0x99,0x99,0x98,0xE4,0x74,0x33,0x33,0x45,0x78,0x99,0x96,0xE4,
  0x52,0x33,0x33,0x35,0x77,0x8B,0x96,0xE4,0x52,0x33,0x33,0x35,0x87,0x7F,0x96,0xE5,0x52,0x33,0x33,0x35,
  0x98,0x89,0xC6,0xE7,0x55,0x33,0x33,0x57,0x33,0x33,0x33,0x57,0x55,0x55,0x55,0x54,0x33,0x33,0x33,0x37,
  0x43,0x33,0x57,0x43,0x33,0x33,0x33,0x55,0x23,0x34,0x55,0x23,0x33,0x33,0x33,0x55,0x23,0x35,0x54,0x34,
  0x33,0x33,0x34,0x55,0x23,0x35,0x52,0x33,0x33,0x33,0x35,0x65,0x23,0x35,0x52,0x33,0x33,0x33,0x54,0x54,
  0x53,0x35,0x52,0x33,0x33,0x35,0x53,0x33,0x55,0x57,0x55,0x33,0x55,0x54,0x33,0x33,0x47,0x74,0x55,0x55,
  0x78,0x88,0x88,0x88,0x88,0x88,0x88,0x88,0x88,0x88,0x88,0x88,0x88,0x88,0x88,0x88,0xE8,0x88,0x88,0x88,
  0x88,0x88,0x88,0x88,0xA8,0x88,0x88,0x88,0x88,0x88,0x88,0x89,0xA8,0x88,0x88,0x88,0x88,0x88,0x89,0x97,
  0xA8,0x88,0x88,0x88,0x88,0x99,0x87,0x77,0xA8,0x88,0x88,0x89,0x98,0x77,0x77,0x77,0x33,0x33,0x58,0x88,
  0x88,0x87,0x55,0x55,0x33,0x35,0x88,0x66,0x66,0x88,0x75,0x43,0x33,0x37,0x86,0x66,0x66,0x68,0x84,0x33,
  0x33,0x37,0x86,0x66,0x66,0x68,0x84,0x33,0x33,0x37,0x86,0x66,0x66,0x68,0x83,0x43,0x33,0x37,0x86,0x66,
  0x66,0x68,0x83,0x33,0x33,0x56,0x78,0x66,0x66,0x88,0x53,0x33,0x33,0x53,0x79,0x88,0x88,0x88,0x77,0x88,
  0x55,0x53,0x79,0x99,0x89,0x99,0x86,0x66,0x88,0x88,0x9A,0xA9,0x9A,0x98,0x62,0x22,0x8A,0x98,0x88,0x88,
  0x88,0x98,0x22,0x26,0x86,0x88,0x88,0x88,0x88,0x88,0x26,0x66,0x88,0x89,0x87,0x77,0x88,0x86,0x66,0x66,
  0xA9,0x77,0x79,0x98,0x88,0x66,0x66,0x66,0x87,0x87,0x89,0x99,0x86,0x66,0x66,0x66,0x79,0x98,0x88,0x88,
  0x82,0x66,0x66,0x66,0x55,0x55,0x55,0x77,0x75,0x55,0x55,0x53,0x33,0x33,0x33,0x57,0x55,0x55,0x65,0x33,
  0x33,0x33,0x33,0x55,0x33,0x35,0x63,0x33,0x33,0x33,0x35,0x53,0x33,0x33,0x53,0x33,0x33,0x33,0x55,0x43,
  0x33,0x33,0x53,0x33,0x33,0x35,0x75,0x34,0x33,0x33,0x53,0x33,0x33,0x55,0x75,0x54,0x33,0x33,0x53,0x33,
  0x88,0x87,0x55,0x54,0x33,0x33,0x55,0x33,0x66,0x66,0x88,0x88,0x88,0x88,0x87,0x55,0x22,0x26,0x66,0x66,
  0x66,0x66,0x88,0x74,0x66,0x66,0x66,0x66,0x22,0x22,0x68,0x85,0x66,0x66,0x66,0x66,0x66,0x66,0x68,0xA7,
  0x66,0x66,0x66,0x66,0x66,0x66,0x68,0xA7,0x66,0x66,0x66,0x66,0x66,0x66,0x68,0x97,0x66,0x66,0x66,0x66,
  0x66,0x66,0x88,0x97,0x66,0x66,0x66,0x66,0x66,0x66,0x88,0x98,0x33,0x33,0x35,0x57,0x55,0x94,0x97,0x55,
  0x33,0x33,0x33,0x55,0x44,0x77,0x78,0x43,0x33,0x33,0x33,0x54,0x33,0x49,0x78,0x85,0x33,0x33,0x33,0x54,
  0x33,0x37,0x86,0x98,0x33,0x33,0x33,0x55,0x43,0x37,0x95,0x89,0x33,0x33,0x33,0x56,0x55,0x77,0x77,0x89,
  0x33,0x33,0x35,0x53,0x43,0x78,0x85,0x98,0x33,0x33,0x55,0x33,0x43,0x37,0x88,0x88,0x55,0x55,0x53,0x33,
  0x43,0x43,0x49,0x68,0x57,0x75,0x33,0x33,0x33,0x88,0x57,0x88,0x35,0x53,0x33,0x33,0x37,0x89,0x85,0x96,
  0x35,0x33,0x33,0x33,0x88,0x88,0x88,0x88,0x35,0x33,0x33,0x33,0x98,0x88,0x8A,0x58,0x45,0x33,0x33,0x33,
  0x98,0x88,0x69,0x9E,0x56,0x53,0x33,0x33,0x98,0x86,0x89,0x88,0x77,0x55,0x33,0x33,0x99,0x88,0x89,0x86,
  0x55,0x55,0x55,0x55,0x55,0x56,0x7B,0x17,0x33,0x33,0x33,0x56,0x55,0x55,0x7B,0x47,0x33,0x33,0x33,0x55,
  0x33,0x33,0x79,0x47,0x53,0x33,0x35,0x53,0x33,0x33,0x69,0x47,0x84,0x34,0x55,0x33,0x33,0x33,0x7B,0x47,
  0x74,0x35,0x73,0x33,0x33,0x33,0x7B,0x47,0x44,0x55,0x65,0x33,0x33,0x33,0x7B,0x47,0x55,0x55,0x55,0x53,
  0x33,0x33,0x7B,0x47,0x75,0x33,0x33,0x35,0x33,0x33,0x7B,0x47,0x84,0x43,0x33,0x33,0x53,0x35,0x7B,0x47,
  0x95,0x43,0x33,0x33,0x55,0x56,0x49,0x47,0x88,0x53,0x33,0x33,0x38,0x85,0x49,0x47,0x6E,0x54,0x33,0x34,
  0x39,0x78,0x4B,0x47,0x98,0x85,0x48,0x88,0x9D,0x8F,0x8C,0x47,0xE6,0xE7,0x88,0x88,0x88,0x88,0x8E,0x77,
  0x88,0x88,0x86,0x88,0x88,0x86,0x68,0x97,0x4B,0x43,0x33,0x33,0x78,0x87,0x77,0x77,0x4B,0x43,0x33,0x35,
  0x54,0xE8,0x87,0x77,0x4B,0x43,0x34,0x55,0x34,0x96,0x87,0x77,0x49,0x43,0x33,0x55,0x34,0xA7,0x87,0x77,
  0x49,0x43,0x33,0x36,0x24,0x96,0x87,0x77,0x49,0x43,0x33,0x36,0x35,0xA6,0x87,0x77,0x4B,0x43,0x33,0x36,
  0x78,0x87,0x77,0x77,0x19,0x43,0x33,0x36,0x78,0x88,0x97,0x77,0x19,0x43,0x33,0x37,0x77,0x98,0xE9,0x77,
  0x4B,0x43,0x33,0x57,0x54,0xA6,0xEB,0x78,0x4B,0x55,0x55,0x77,0x54,0xA6,0xEB,0x89,0x4B,0x74,0x88,0x47,
  0x54,0xA6,0xA7,0x98,0x49,0x48,0x79,0x45,0x53,0xA6,0xA4,0x77,0x4B,0x8E,0x8A,0x88,0x84,0xA6,0xA5,0x89,
  0x7E,0x88,0x88,0x88,0x88,0xA6,0xE8,0x88,0x98,0x68,0x88,0x86,0x68,0xA8,0xE8,0x68,0x49,0x55,0x55,0x55,
  0x56,0x75,0x55,0x53,0x79,0x45,0x55,0x76,0x55,0x57,0x55,0x34,0x79,0x43,0x35,0x64,0x33,0x35,0x53,0x33,
  0x79,0x43,0x33,0x55,0x33,0x35,0x53,0x33,0x79,0x43,0x33,0x55,0x23,0x35,0x53,0x33,0x79,0x43,0x33,0x35,
  0x33,0x35,0x53,0x33,0x79,0x43,0x33,0x37,0x53,0x36,0x53,0x33,0x87,0x43,0x33,0x47,0x55,0x56,0x55,0x33,
  0x94,0x33,0x33,0x47,0x65,0x55,0x55,0x55,0x75,0x88,0x34,0x57,0x53,0x33,0x33,0x45,0x58,0x99,0x85,0x67,
  0x53,0x33,0x33,0x33,0x88,0x88,0x98,0x57,0x53,0x33,0x33,0x33,0xA8,0x88,0x88,0x35,0x53,0x33,0x33,0x33,
  0xA6,0x88,0x88,0x44,0x53,0x33,0x33,0x57,0xA8,0x66,0x88,0x45,0x55,0x33,0x57,0x88,0x98,0x88,0x98,0x35,
  0x75,0x55,0x78,0x66,0x33,0x33,0x35,0x65,0x55,0x55,0x55,0x55,0x33,0x33,0x33,0x54,0x22,0x35,0x53,0x33,
  0x33,0x33,0x35,0x53,0x43,0x35,0x53,0x43,0x33,0x33,0x45,0x55,0x43,0x55,0x33,0x33,0x33,0x35,0x57,0x75,
  0x55,0x55,0x33,0x33,0x33,0x55,0x55,0x55,0x55,0x65,0x65,0x33,0x34,0x53,0x33,0x33,0x33,0x57,0x88,0x63,
  0x55,0x33,0x33,0x33,0x43,0x58,0x66,0x85,0x55,0x33,0x33,0x33,0x37,0x86,0x56,0x88,0x65,0x33,0x44,0x77,
  0x38,0x86,0x56,0x68,0x55,0x33,0x45,0x88,0x67,0x86,0x56,0x68,0x55,0x33,0x58,0x66,0x88,0x86,0x66,0x68,
  0x45,0x56,0x86,0x56,0x88,0x86,0x68,0x86,0x33,0x58,0x86,0x56,0x68,0x88,0x88,0x86,0x74,0x58,0x86,0x56,
  0x68,0x88,0x88,0x86,0x88,0x78,0x86,0x56,0x68,0x86,0x68,0x86,0x55,0x55,0x55,0x55,0x57,0x88,0x73,0x33,
  0x33,0x33,0x33,0x55,0x78,0x66,0x85,0x34,0x33,0x33,0x35,0x57,0x86,0x26,0x88,0x54,0x33,0x33,0x35,0x78,
  0x65,0x26,0x68,0x73,0x33,0x33,0x55,0x88,0x62,0x26,0x68,0x74,0x33,0x35,0x57,0x88,0x62,0x26,0x68,0x87,
  0x33,0x55,0x37,0x88,0x62,0x26,0x68,0x87,0x33,0x53,0x58,0x86,0x62,0x26,0x68,0x88,0x75,0x37,0x86,0x86,
  0x62,0x26,0x88,0x88,0x87,0x88,0x66,0x88,0x66,0x68,0x88,0x86,0x88,0x88,0x62,0x68,0x66,0x88,0x88,0x85,
  0x86,0x66,0x62,0x67,0x68,0x88,0x88,0x65,0x65,0x66,0x65,0x88,0x88,0x68,0x86,0x65,0x52,0x66,0x66,0x88,
  0x86,0x66,0x86,0x65,0x22,0x66,0x68,0x88,0x86,0x56,0x86,0x66,0x22,0x66,0x66,0x68,0x66,0x26,0x86,0x66,
  0x33,0x33,0x55,0x75,0x59,0x87,0x56,0x89,0x33,0x33,0x25,0x53,0x37,0x97,0x56,0x89,0x33,0x33,0x35,0x43,
  0x37,0x97,0x56,0x89,0x33,0x33,0x77,0x43,0x39,0x87,0x56,0x89,0x33,0x47,0x88,0x53,0x47,0x97,0x56,0x89,
  0x43,0x78,0x68,0x85,0x34,0x97,0x76,0x89,0x78,0x86,0x56,0x95,0x35,0x97,0x76,0x89,0x78,0x86,0x26,0x97,
  0x58,0x97,0x56,0x89,0x88,0x86,0x26,0x88,0x79,0x87,0x56,0x89,0x68,0x86,0x56,0x98,0x79,0x97,0x56,0x89,
  0x68,0x86,0x68,0x98,0x77,0x97,0x56,0x89,0x68,0x68,0x88,0x97,0x74,0x97,0x56,0x89,0x68,0x88,0x99,0x87,
  0x74,0x98,0x56,0x89,0x68,0x88,0x98,0x87,0x78,0x87,0x76,0x89,0x68,0x88,0x86,0x68,0x79,0x87,0x76,0x89,
  0x88,0x88,0x62,0x68,0x8A,0x87,0x56,0x89,0xD9,0xBA,0xCC,0xCC,0xCC,0xCC,0xCC,0xCC,0xD9,0xBA,0xCC,0xCC,
  0xCC,0xCC,0xCC,0xCC,0xD9,0xBA,0xCC,0xCC,0xCC,0xCC,0xCC,0xCC,0xD9,0xBA,0xCC,0xCC,0xCC,0xCC,0xCC,0xCC,
  0xC9,0xBC,0xCC,0xCC,0xCC,0xCC,0xCC,0xCC,0xCB,0xBC,0xCC,0xCC,0xCC,0xCC,0xCC,0xCC,0xCB,0xCC,0xCC,0xCC,
  0xCC,0xCC,0xCC,0xCC,0xC9,0xBC,0xCC,0xCC,0xCC,0xCC,0xCC,0xCC,0xA9,0xBA,0xCC,0xCC,0xCC,0xCC,0xCC,0xCC,
  0xA9,0xBA,0xCC,0xCC,0xCC,0xCC,0xCC,0xCC,0xA9,0xBE,0xCC,0xCC,0xCC,0xCC,0xCC,0xCC,0xA9,0xBE,0xCC,0xCC,
  0xCC,0xCC,0xCC,0xCC,0xC9,0xBD,0xCC,0xCC,0xCC,0xCC,0xCC,0xCC,0xCB,0xBC,0xCC,0xCC,0xCC,0xCC,0xCC,0xCC,
  0xCB,0xBC,0xCC,0xCC,0xCC,0xCC,0xCC,0xCC,0xC9,0xBC,0xCC,0xCC,0xCC,0xCC,0xCC,0xCC,0xCC,0xCC,0xCC,0xCC,
  0xCC,0xCD,0xEC,0xAB,0xCC,0xCC,0xCC,0xCC,0xCC,0xCD,0xEC,0xAB,0xCC,0xCC,0xCC,0xCC,0xCC,0xCD,0xEC,0xAB,
  0xCC,0xCC,0xCC,0xCC,0xCC,0xCD,0xEC,0xAB,0xCC,0xCC,0xCC,0xCC,0xCC,0xCD,0xEC,0xA9,0xCC,0xCC,0xCC,0xCC,
  0xCC,0xCD,0xAA,0xA9,0xCC,0xCC,0xCC,0xCC,0xCC,0xCD,0xAA,0xA9,0xCC,0xCC,0xCC,0xCC,0xCC,0xCD,0xAB,0xA9,
  0xCC,0xCC,0xCC,0xCC,0xCC,0xCD,0xEC,0xA9,0xCC,0xCC,0xCC,0xCC,0xCC,0xCD,0xEC,0xAE,0xCC,0xCC,0xCC,0xCC,
  0xCC,0xCD,0xEC,0xAA,0xCC,0xCC,0xCC,0xCC,0xCC,0xCD,0xEC,0xAB,0xCC,0xCC,0xCC,0xCC,0xCC,0xCD,0xEA,0xA9,
  0xCC,0xCC,0xCC,0xCC,0xCC,0xCD,0xEA,0xA9,0xCC,0xCC,0xCC,0xCC,0xCC,0xCD,0xEA,0xA9,0xCC,0xCC,0xCC,0xCC,
  0xCC,0xCD,0xAB,0xAC,0x86,0x65,0x7B,0x73,0x35,0x88,0x88,0x88,0x86,0x67,0x98,0x53,0x35,0x98,0x88,0x88,
  0x86,0x65,0x78,0x73,0x55,0x88,0x88,0x88,0x86,0x67,0x8A,0x73,0x55,0x88,0x88,0x68,0x86,0x67,0x98,0x54,
  0x35,0x88,0x88,0x68,0x97,0x67,0x97,0x34,0x35,0x88,0x88,0x66,0x96,0x67,0x97,0x34,0x35,0x89,0x88,0x88,
  0x86,0x65,0x97,0x34,0x35,0x89,0xAE,0xEE,0x86,0x65,0x78,0x73,0x35,0x89,0xA8,0x88,0x96,0x65,0x79,0x73,
  0x57,0x89,0xE8,0x77,0x86,0x65,0x7C,0x85,0x77,0x89,0xE8,0x77,0x86,0x67,0x8B,0x74,0x35,0x89,0x85,0x44,
  0x86,0x67,0x97,0x54,0x44,0x57,0x54,0x44,0x98,0x67,0x97,0x33,0x33,0x53,0x33,0x33,0x86,0x68,0x89,0x74,
  0x33,0x55,0x33,0x35,0x86,0x66,0x89,0x88,0x88,0x88,0x88,0x88,0x88,0x88,0x88,0x88,0x88,0x98,0x57,0x74,
  0x88,0x88,0x88,0x88,0x78,0x74,0x44,0x52,0x88,0x86,0x66,0x66,0x59,0x53,0x33,0x52,0x88,0x88,0x66,0x55,
  0x8E,0x53,0x33,0x52,0x88,0x98,0x66,0x53,0x8E,0x53,0x33,0x62,0x68,0x88,0x76,0x66,0x8E,0x53,0x33,0x62,
  0x88,0x88,0x88,0x88,0x9E,0x53,0x33,0x55,0xEE,0xAE,0x98,0x89,0x9E,0x53,0x35,0x77,0x88,0x88,0x98,0x9A,
  0x9E,0x55,0x56,0x33,0x77,0x87,0x79,0x79,0x9E,0x76,0x33,0x33,0x77,0x77,0x77,0x79,0x9E,0x73,0x33,0x33,
  0x54,0x75,0x54,0x47,0x98,0x53,0x33,0x33,0x33,0x63,0x34,0x45,0x77,0x44,0x43,0x33,0x44,0x74,0x44,0x44,
  0x55,0x33,0x44,0x33,0x55,0x55,0x33,0x33,0x57,0x44,0x33,0x43,0x88,0x88,0x88,0x88,0x88,0x88,0x88,0x55,
  0x33,0x33,0x33,0x33,0x33,0x73,0x36,0x63,0x33,0x33,0x33,0x33,0x35,0x43,0x34,0x62,0x33,0x33,0x33,0x33,
  0x53,0x33,0x35,0x53,0x33,0x33,0x33,0x33,0x62,0x33,0x35,0x33,0x33,0x33,0x33,0x35,0x62,0x33,0x36,0x23,
  0x33,0x33,0x33,0x57,0x62,0x33,0x36,0x23,0x33,0x33,0x35,0x33,0x35,0x33,0x56,0x23,0x53,0x33,0x53,0x33,
  0x33,0x56,0x66,0x53,0x75,0x55,0x33,0x33,0x33,0x76,0x33,0x35,0x37,0x73,0x33,0x33,0x34,0x73,0x33,0x33,
  0x34,0x72,0x33,0x33,0x33,0x63,0x33,0x33,0x34,0x75,0x33,0x33,0x35,0x33,0x33,0x33,0x44,0x77,0x55,0x55,
  0x65,0x23,0x33,0x33,0x45,0x53,0x33,0x33,0x65,0x23,0x33,0x33,0x47,0x43,0x33,0x33,0x35,0x23,0x33,0x33,
  0x53,0x44,0x33,0x33,0x36,0x53,0x33,0x33,0x23,0x33,0x35,0x55,0x55,0x55,0x22,0x22,0x33,0x33,0x34,0x35,
  0x55,0x22,0x22,0x22,0x33,0x33,0x33,0x32,0x52,0x22,0x22,0x22,0x33,0x33,0x43,0x32,0x32,0x12,0x22,0x22,
  0x33,0x33,0x33,0x22,0x22,0x22,0x22,0x22,0x33,0x33,0x33,0x22,0x22,0x22,0x22,0x22,0x33,0x33,0x33,0x22,
  0x22,0x22,0x22,0x22,0x33,0x33,0x33,0x22,0x22,0x22,0x22,0x22,0x53,0x33,0x33,0x22,0x22,0x22,0x22,0x22,
  0x35,0x33,0x43,0x22,0x52,0x22,0x22,0x22,0x33,0x66,0x75,0x55,0x52,0x22,0x22,0x22,0x33,0x57,0x73,0x22,
  0x23,0x22,0x22,0x22,0x33,0x55,0x33,0x32,0x22,0x22,0x22,0x22,0x33,0x53,0x33,0x33,0x22,0x21,0x22,0x22,
  0x35,0x33,0x33,0x33,0x23,0x52,0x22,0x22,0x53,0x33,0x33,0x33,0x32,0x55,0x22,0x22,0x22,0x12,0x22,0x12,
  0x22,0x22,0x22,0x22,0x21,0x11,0x22,0x22,0x22,0x22,0x22,0x22,0x11,0x11,0x12,0x22,0x22,0x22,0x66,0x66,
  0x11,0x11,0x11,0x11,0x22,0x26,0x22,0x22,0x11,0x11,0x11,0x11,0x12,0x26,0x22,0x22,0x11,0x11,0x11,0x11,
  0x11,0x26,0x22,0x22,0x21,0x11,0x11,0x11,0x11,0x26,0x22,0x22,0x22,0x21,0x11,0x11,0x11,0x26,0x22,0x22,
  0x22,0x21,0x21,0x11,0x11,0x26,0x22,0x22,0x22,0x22,0x21,0x11,0x11,0x26,0x22,0x22,0x22,0x22,0x11,0x11,
  0x12,0x26,0x22,0x22,0x22,0x21,0x11,0x11,0x21,0x26,0x22,0x22,0x22,0x21,0x11,0x12,0x21,0x26,0x26,0x26,
  0x22,0x62,0x21,0x22,0x21,0x26,0x22,0x22,0x22,0x22,0x22,0x22,0x22,0x26,0x22,0x26,0x22,0x68,0x88,0x88,
  0x88,0x88,0x88,0x88,0x22,0x34,0x33,0x38,0x88,0x88,0x88,0x88,0x22,0x23,0x33,0x38,0x88,0x88,0x88,0x88,
  0x68,0x88,0x88,0x89,0x88,0x88,0x88,0x88,0x26,0x66,0x66,0x68,0x88,0x88,0x88,0x88,0x26,0x66,0x68,0x68,
  0x88,0x99,0x99,0x99,0x26,0x66,0x68,0x68,0x88,0x88,0x88,0x88,0x22,0x66,0x66,0x68,0x88,0x86,0x88,0x68,
  0x22,0x66,0x66,0x68,0x88,0x86,0x88,0x68,0x22,0x66,0x66,0x68,0x88,0x88,0x88,0x88,0x22,0x66,0x66,0x68,
  0x86,0x68,0x88,0x88,0x22,0x66,0x66,0x68,0x98,0x88,0x88,0x88,0x22,0x66,0x66,0x68,0x99,0x99,0x99,0x99,
  0x66,0x66,0x68,0x68,0x99,0x99,0x99,0x99,0x66,0x66,0x66,0x68,0x99,0x98,0x98,0x89,0x66,0x66,0x66,0x68,
  0x99,0x98,0x98,0x89,0x88,0x88,0x88,0x89,0x99,0x99,0x99,0x99,0x88,0x89,0x88,0x89,0x98,0x88,0x88,0x88,
  0x88,0x89,0x88,0x89,0x98,0x88,0x87,0x77,0x88,0x89,0x88,0x89,0x98,0x88,0x78,0x99,0x88,0x89,0x88,0x89,
  0x98,0x87,0x88,0x74,0x99,0x98,0x88,0x89,0x88,0x98,0x99,0x74,0x88,0x88,0x68,0x89,0x68,0x99,0x99,0x97,
  0x88,0x88,0x68,0x89,0x68,0x99,0x99,0x99,0x86,0x88,0x68,0x89,0x66,0x66,0x66,0x66,0x88,0x88,0x88,0x89,
  0x88,0x88,0x88,0x88,0x88,0x88,0x88,0x89,0x88,0x99,0x99,0x99,0x88,0x88,0x88,0x8A,0x99,0x98,0x98,0x89,
  0xA9,0x9A,0x99,0x9A,0x99,0x88,0x88,0x89,0x99,0x99,0x99,0x9E,0x99,0x88,0x88,0x89,0x88,0x98,0x89,0x9E,
  0x99,0x88,0x88,0x88,0x88,0x98,0x89,0x9E,0x99,0x88,0x88,0x88,0x99,0x99,0x99,0x99,0x99,0x99,0x88,0x99,
  0x88,0x88,0x99,0x99,0xC8,0x97,0x77,0x87,0x88,0x97,0x99,0x99,0xD9,0x89,0x87,0x87,0x99,0x99,0x99,0x99,
  0xE9,0x99,0xB9,0x89,0x44,0x99,0x88,0x88,0xA7,0x44,0x77,0x9B,0x11,0x78,0x87,0x88,0x71,0x11,0x78,0x99,
  0x41,0x17,0x88,0x87,0x41,0x17,0x99,0x99,0x77,0x77,0x52,0x47,0x77,0x79,0xBB,0xBB,0x66,0x66,0x66,0x66,
  0x66,0x66,0x66,0x68,0x88,0x88,0x88,0x88,0x88,0x88,0x88,0x88,0x99,0x99,0x99,0x99,0x99,0x99,0x99,0x99,
  0x88,0x98,0x89,0x88,0x98,0x89,0x88,0x98,0x88,0x98,0x89,0x88,0x88,0x88,0x88,0x98,0x88,0x88,0x88,0x88,
  0x98,0x89,0x88,0x88,0x88,0x88,0x88,0x88,0x98,0x89,0x88,0x88,0x88,0x88,0x88,0x88,0x98,0x88,0x88,0x88,
  0x88,0x98,0x89,0x99,0x98,0x89,0x98,0x98,0x77,0x98,0xE6,0xE7,0x77,0x55,0x55,0x55,0x89,0x89,0xE6,0xE7,
  0x74,0x44,0x75,0x45,0xBB,0x97,0xD6,0xE7,0x43,0x34,0x54,0x35,0x99,0x97,0xD6,0xE7,0x23,0x44,0x52,0x45,
  0x99,0x88,0xD6,0xE7,0x23,0x35,0x52,0x45,0x99,0x9B,0x96,0xE7,0x53,0x33,0x52,0x45,0x99,0xCB,0x96,0xE7,
  0x52,0x35,0x52,0x45,0x88,0x86,0x66,0xE7,0x75,0x35,0x75,0x45,0x88,0x88,0x88,0xE7,0x77,0x57,0x77,0x57,
  0x99,0x99,0x98,0xE7,0x75,0x33,0x33,0x35,0x89,0x88,0x98,0xE7,0x53,0x33,0x33,0x33,0x88,0x88,0x98,0xE7,
  0x52,0x33,0x44,0x33,0x89,0x88,0x98,0xE7,0x72,0x33,0x33,0x33,0x88,0x88,0x98,0xE7,0x74,0x43,0x33,0x33,
  0x88,0x88,0x98,0xE7,0x75,0x44,0x33,0x55,0x89,0x88,0x99,0x98,0x88,0x88,0x88,0x88,0xA8,0x88,0x89,0x87,
  0x77,0x77,0x77,0x77,0xE8,0x89,0x97,0x77,0x77,0x47,0x78,0x87,0xE8,0x84,0x74,0x44,0x77,0x89,0x99,0x89,
  0xA9,0x41,0x14,0x79,0x99,0x99,0x88,0x88,0xE9,0x77,0x77,0x89,0x98,0x88,0x88,0x88,0xE8,0x88,0x88,0x88,
  0x88,0x88,0x88,0x88,0xA8,0x88,0x88,0x88,0x88,0x88,0x88,0x88,0xE8,0x88,0x88,0x88,0x88,0x88,0x88,0x88,
  0xE8,0x88,0x88,0x88,0x88,0x88,0x88,0x88,0x7A,0xAA,0xAA,0xAA,0xAA,0xAA,0xA9,0x98,0x48,0x8E,0x99,0x97,
  0x88,0x77,0x77,0x89,0x37,0x7E,0x89,0x97,0x77,0x77,0x77,0x79,0x47,0x7E,0x89,0x97,0x77,0x77,0x77,0x89,
  0x47,0x7E,0x89,0x97,0x77,0x74,0x55,0x57,0x77,0x8E,0x99,0x97,0x74,0x53,0x33,0x35,0x88,0x89,0x99,0x98,
  0x88,0x88,0x88,0x88,0x7B,0x86,0x88,0x88,0x66,0x66,0x66,0x66,0x79,0x66,0x88,0x88,0x66,0x66,0x66,0x66,
  0x98,0x68,0x88,0x86,0x66,0x66,0x66,0x66,0x86,0x68,0x88,0x66,0x66,0x66,0x66,0x66,0x66,0x68,0x88,0x66,
  0x66,0x66,0x66,0x66,0x66,0x68,0x88,0x66,0x66,0x66,0x66,0x66,0x66,0x88,0x88,0x88,0x88,0x66,0x66,0x66,
  0x68,0x98,0x88,0x88,0x88,0x86,0x66,0x66,0x68,0x88,0x88,0x88,0x88,0x88,0x86,0x66,0x88,0x9A,0xAA,0xAA,
  0xAA,0xEA,0x88,0x86,0x88,0x98,0x88,0x88,0x87,0x77,0x88,0x88,0x88,0x87,0x77,0x77,0x77,0x77,0x78,0x88,
  0x89,0x87,0x77,0x77,0x77,0x77,0x77,0x88,0x87,0x44,0x55,0x55,0x55,0x45,0x54,0x58,0x74,0x43,0x33,0x33,
  0x55,0x53,0x45,0x57,0x88,0x88,0x88,0x88,0x88,0x88,0x88,0x88,0x66,0x66,0x66,0x66,0x66,0x66,0x88,0x97,
  0x66,0x66,0x66,0x66,0x66,0x66,0x88,0x97,0x66,0x66,0x66,0x66,0x66,0x66,0x88,0x97,0x66,0x66,0x66,0x66,
  0x66,0x66,0x68,0x97,0x66,0x66,0x66,0x66,0x66,0x66,0x68,0xA7,0x66,0x66,0x66,0x66,0x66,0x66,0x68,0xE7,
  0x66,0x66,0x66,0x66,0x66,0x66,0x68,0xA7,0x66,0x66,0x66,0x66,0x68,0x86,0x68,0xA7,0x66,0x66,0x66,0x68,
  0x88,0x88,0x88,0xE8,0x66,0x66,0x88,0x9A,0xEA,0x98,0x89,0x75,0x86,0x88,0x88,0x79,0x99,0x98,0x89,0x73,
  0x88,0x88,0x87,0x78,0x98,0x98,0x88,0x53,0x88,0x88,0x87,0x79,0x98,0x9A,0x87,0x54,0x88,0x83,0x57,0x79,
  0x98,0xA8,0x77,0x55,0x88,0x53,0x45,0x79,0x99,0xA8,0x77,0x45,0x98,0x88,0x88,0x89,0x99,0x99,0x88,0x88,
  0x33,0x35,0x55,0x55,0x9A,0x98,0x99,0x86,0x33,0x33,0x43,0x57,0x9A,0x98,0x99,0x88,0x33,0x33,0x33,0x55,
  0x9A,0x98,0x99,0x88,0x33,0x33,0x33,0x53,0x9E,0x98,0x9A,0x99,0x33,0x33,0x35,0x73,0x9E,0x99,0x99,0x99,
  0x33,0x33,0x56,0x78,0x9A,0x99,0x99,0xAE,0x33,0x35,0x43,0x39,0x89,0x99,0x98,0xE7,0x33,0x53,0x33,0x39,
  0x89,0x99,0x98,0xEA,0x55,0x53,0x33,0x39,0x89,0x99,0x98,0x9A,0x74,0x34,0x33,0x39,0x89,0x99,0x98,0xAE,
  0x53,0x33,0x33,0x39,0x88,0x99,0x86,0xA8,0x55,0x54,0x43,0x59,0x88,0x88,0x88,0xE7,0x57,0x65,0x55,0x79,
  0x98,0x88,0x89,0xE8,0x64,0x33,0x34,0x79,0x99,0x98,0x99,0xE8,0x53,0x33,0x33,0x58,0x99,0x99,0x9E,0x87,
  0x88,0x88,0x88,0x88,0x99,0x99,0x99,0x88,0x8A,0x9E,0x86,0x88,0x88,0x88,0x88,0xE9,0x88,0x88,0x88,0x88,
  0x88,0x88,0x88,0x88,0x88,0x88,0x88,0x88,0x88,0x88,0x88,0x88,0x99,0x99,0x99,0x99,0x99,0x99,0x99,0x88,
  0x99,0x99,0x99,0x99,0x99,0x99,0x99,0x99,0xEE,0xEE,0xAA,0xEE,0xAA,0xAA,0xAE,0xEE,0x77,0x77,0xA7,0x97,
  0x77,0x77,0x57,0xD7,0x99,0x99,0xE9,0xEA,0x99,0x99,0x99,0xE9,0x99,0x99,0x98,0x88,0x88,0x88,0x88,0x88,
  0xEE,0xEE,0xEE,0xEE,0xEA,0xAA,0xAA,0xEE,0x87,0x77,0x77,0x77,0x87,0x77,0x77,0x77,0x77,0x77,0x77,0x77,
  0x77,0x77,0x77,0x77,0x77,0x77,0x77,0x77,0x77,0x77,0x77,0x77,0x74,0x44,0x44,0x77,0x34,0x55,0x55,0x55,
  0x53,0x33,0x33,0x35,0x23,0x33,0x33,0x33,0x88,0x88,0x88,0x88,0x88,0x88,0x88,0x88,0xE8,0x88,0x88,0x88,
  0x88,0xE9,0xE8,0x88,0x88,0x88,0x88,0x88,0x88,0x88,0x88,0x88,0x88,0x88,0x88,0x88,0x88,0x88,0x88,0x88,
  0x89,0x99,0x99,0x99,0x99,0x88,0x98,0x99,0x89,0x99,0x99,0x99,0x99,0x99,0x99,0x99,0xAE,0xAA,0xAA,0xAA,
  0xEE,0xEE,0xEE,0xE9,0xA7,0x77,0x77,0x55,0x55,0xA9,0xA5,0x7E,0xE9,0x99,0x99,0x99,0x99,0xEE,0xE9,0x9E,
  0x88,0x88,0x88,0x88,0x89,0x99,0x99,0x99,0xAA,0xAA,0xAA,0xEE,0xEE,0xEE,0xEE,0xE9,0x78,0x77,0x77,0x77,
  0x77,0x77,0x87,0x89,0x77,0x77,0x77,0x77,0x77,0x77,0x77,0x7E,0x77,0x77,0x77,0x77,0x77,0x77,0x77,0x7E,
  0x47,0x34,0x55,0x55,0x55,0x57,0x47,0x7E,0x55,0x23,0x33,0x33,0x33,0x53,0x35,0x78,0x88,0x88,0x88,0x88,
  0x88,0x88,0x88,0x89,0x99,0x88,0xA8,0x35,0x53,0x57,0x86,0x56,0x99,0x88,0xA8,0x45,0x33,0x37,0x86,0x56,
  0x99,0x99,0xA8,0x35,0x33,0x47,0x86,0x56,0x99,0x99,0xA8,0x33,0x33,0x58,0x86,0x66,0x99,0x89,0xA8,0x44,
  0x33,0x58,0x86,0x68,0x89,0x89,0x99,0x84,0x33,0x58,0x86,0x88,0x89,0x89,0x99,0x94,0x33,0x58,0x88,0x88,
  0x89,0x89,0x99,0x94,0x33,0x58,0x89,0x99,0x89,0x99,0x98,0x93,0x45,0x77,0x78,0x88,0x8A,0x99,0x98,0x95,
  0x55,0x34,0x57,0x77,0x68,0x99,0x88,0xA7,0x53,0x33,0x45,0x45,0x86,0x88,0x68,0xA7,0x33,0x44,0x33,0x33,
  0x98,0x88,0x89,0xA7,0x23,0x33,0x33,0x33,0x99,0x89,0x99,0xA7,0x33,0x33,0x33,0x35,0xA9,0x99,0x99,0x87,
  0x33,0x33,0x33,0x55,0x99,0x99,0x99,0x88,0x88,0x88,0x88,0x88,0x68,0x88,0x86,0x66,0x68,0x66,0x68,0x66,
  0x68,0x88,0x86,0x68,0x86,0x66,0x66,0x66,0x68,0x88,0x86,0x88,0x86,0x65,0x66,0x66,0x68,0x88,0x88,0x88,
  0x88,0x65,0x66,0x66,0x88,0x88,0x98,0x88,0x88,0x65,0x66,0x66,0x88,0x87,0x89,0x86,0x66,0x65,0x66,0x68,
  0x88,0x87,0x78,0x86,0x66,0x66,0x66,0x88,0x98,0x77,0x78,0x86,0x66,0x66,0x88,0x88,0x87,0x77,0x88,0x66,
  0x66,0x68,0x88,0x88,0x77,0x77,0x88,0x66,0x68,0x88,0x88,0x88,0x55,0x77,0x88,0x88,0x66,0x88,0x88,0x88,
  0x47,0x77,0x88,0x88,0x88,0x89,0x89,0x88,0x47,0x77,0x88,0x88,0x88,0x87,0x77,0x88,0x77,0x77,0x78,0x99,
  0x98,0x77,0x77,0x88,0x33,0x45,0x77,0x88,0x87,0x77,0x77,0x88,0x88,0x88,0x88,0x88,0x88,0x88,0x88,0x88,
  0x22,0x66,0x66,0x68,0x66,0x26,0x66,0x88,0x22,0x66,0x66,0x68,0x66,0x26,0x88,0x88,0x22,0x66,0x66,0x88,
  0x66,0x56,0x68,0x89,0x66,0x88,0x88,0x88,0x66,0x68,0x88,0x88,0x68,0x88,0x88,0x88,0x88,0x88,0x88,0x87,
  0x88,0x88,0x86,0x66,0x88,0x88,0x89,0x88,0x88,0x88,0x86,0x26,0x88,0x88,0x89,0x98,0x66,0x68,0x86,0x66,
  0x88,0x89,0x98,0x65,0x66,0x68,0x86,0x68,0x88,0x88,0x88,0x62,0x66,0x68,0x88,0x88,0x88,0x88,0x66,0x62,
  0x65,0x68,0x88,0x88,0x88,0x86,0x26,0x62,0x66,0x68,0x88,0x88,0x88,0x86,0x26,0x66,0x66,0x88,0x89,0x99,
  0x98,0x86,0x26,0x66,0x88,0x88,0x88,0x87,0x78,0x86,0x66,0x88,0x89,0x98,0x77,0x77,0x78,0x86,0x88,0x88,
  0x99,0x98,0x88,0x88,0x89,0x88,0x88,0x88,0x88,0x86,0x22,0x68,0x8A,0x87,0x56,0x89,0x88,0x66,0x22,0x68,
  0x88,0x97,0x56,0x89,0x99,0x86,0x22,0x68,0x89,0x87,0x56,0x89,0x79,0x86,0x22,0x68,0x8E,0x97,0x56,0x89,
  0x78,0x86,0x22,0x68,0x88,0x97,0x56,0x89,0x79,0x86,0x22,0x68,0x87,0xA7,0x76,0x89,0x89,0x86,0x56,0x88,
  0x97,0xA7,0x76,0x89,0x69,0x86,0x88,0x88,0x9A,0x87,0x56,0x89,0x68,0x68,0x88,0x88,0x9E,0x87,0x56,0x89,
  0x68,0x88,0x88,0x88,0x9E,0x97,0x56,0x89,0x68,0x88,0x88,0x89,0x87,0xD7,0x56,0x89,0x68,0x88,0x99,0x98,
  0x77,0xA7,0x56,0x89,0x88,0x88,0x77,0x77,0x74,0xA8,0x66,0x89,0x88,0x87,0x77,0x77,0x48,0x87,0x86,0x89,
  0x88,0x87,0x77,0x57,0x59,0x88,0x66,0x89,0x88,0x98,0x88,0x88,0x89,0x96,0x66,0x89,0xD9,0xCE,0xCC,0xCC,
  0xCC,0xCC,0xCC,0xCC,0xD9,0xCE,0xCC,0xCC,0xCC,0xCC,0xCC,0xCC,0xD9,0xCE,0xCC,0xCC,0xCC,0xCC,0xCC,0xCC,
  0xD9,0xCE,0xCC,0xCC,0xCC,0xCC,0xCC,0xCC,0xD9,0xBE,0xCC,0xCC,0xCC,0xCC,0xCC,0xCC,0xDB,0xCA,0xCC,0xCC,
  0xCC,0xCC,0xCC,0xCC,0xDB,0xBE,0xCC,0xCC,0xCC,0xCC,0xCC,0xCC,0xA9,0xBE,0xCC,0xCC,0xCC,0xCC,0xCC,0xCC,
  0xA9,0xBE,0xCC,0xCC,0xCC,0xCC,0xCC,0xCC,0xA9,0xBE,0xCC,0xCC,0xCC,0xCC,0xCC,0xCC,0xA9,0xBE,0xCC,0xCC,
  0xCC,0xCC,0xCC,0xCC,0xA9,0xBE,0xCC,0xCC,0xCC,0xCC,0xCC,0xCC,0xD9,0xBD,0xCC,0xCC,0xCC,0xCC,0xCC,0xCC,
  0xCC,0xDC,0xCC,0xCC,0xCC,0xCC,0xCC,0xCC,0xCB,0xCD,0xCC,0xCC,0xCC,0xCC,0xCC,0xCC,0xD9,0xCD,0xCC,0xCC,
  0xCC,0xCC,0xCC,0xCC,0xCC,0xCC,0xCC,0xCC,0xCC,0xCD,0xEC,0xAC,0xCC,0xCC,0xCC,0xCC,0xCC,0xCD,0xEC,0xAC,
  0xCC,0xCC,0xCC,0xCC,0xCC,0xCD,0xEA,0xAB,0xCC,0xCC,0xCC,0xCC,0xCC,0xCD,0xEA,0xAA,0xCC,0xCC,0xCC,0xCC,
  0xCC,0xCD,0xAA,0xAC,0xCC,0xCC,0xCC,0xCC,0xCC,0xCD,0xAA,0xEA,0xCC,0xCC,0xCC,0xCC,0xCC,0xCD,0xAA,0xAA,
  0xCC,0xCC,0xCC,0xCC,0xCC,0xCD,0xAA,0xAA,0xCC,0xCC,0xCC,0xCC,0xCC,0xCC,0xDD,0xDD,0xCC,0xCC,0xCC,0xCC,
  0xCC,0xCC,0xCC,0xCC,0xCC,0xCC,0xCC,0xCC,0xCC,0xCC,0xCC,0xCC,0xCC,0xCC,0xCC,0xCC,0xCC,0xCC,0xCC,0xCC,
  0xCC,0xCC,0xCC,0xCC,0xCC,0xCC,0xCC,0xCC,0xCC,0xCC,0xCC,0xCC,0xCC,0xCC,0xCC,0xCC,0xCC,0xCC,0xCC,0xCC,
  0xCC,0xCC,0xCC,0xCC,0xCC,0xCC,0xCC,0xCC,0xCC,0xCC,0xCC,0xCC,0x86,0x66,0x68,0x66,0x66,0x66,0x68,0x66,
  0x86,0x66,0x66,0x66,0x66,0x66,0x66,0x66,0x98,0x88,0x88,0x88,0x88,0x88,0x88,0x88,0x99,0x99,0x99,0x99,
  0x99,0x99,0x99,0x99,0xAA,0xAA,0xAA,0xAA,0xAA,0xAA,0xAE,0xAA,0xAA,0xCC,0xCA,0xAC,0xBB,0xBB,0xBA,0xCC,
  0xAA,0xEE,0xEE,0xEE,0xEE,0xEE,0xAA,0xEE,0xAA,0xAA,0xAA,0xAA,0xAA,0xEE,0xAA,0xAA,0xDD,0xDD,0xDD,0xDD,
  0xDD,0xDD,0xDD,0xDD,0xCC,0xCC,0xCC,0xCC,0xCC,0xCC,0xCC,0xCC,0xCC,0xCC,0xCC,0xCC,0xCC,0xCC,0xCC,0xCC,
  0xCC,0xCC,0xCC,0xCC,0xCC,0xCC,0xCC,0xCC,0xCC,0xCC,0xCC,0xCC,0xCC,0xCC,0xCC,0xCC,0xCC,0xCC,0xCC,0xCC,
  0xCC,0xCC,0xCC,0xCC,0xCC,0xCC,0xCC,0xCC,0xCC,0xCC,0xCC,0xCC,0xCC,0xCC,0xCC,0xCC,0xCC,0xCC,0xCC,0xCC,
  0x66,0x66,0x68,0x66,0x66,0x66,0x66,0x88,0x66,0x66,0x66,0x66,0x66,0x66,0x65,0x89,0x88,0x88,0x88,0x88,
  0x88,0x88,0x88,0x88,0x99,0x99,0x99,0x99,0x9A,0x99,0x99,0x99,0xAA,0xEE,0xAE,0xAA,0xAA,0xAA,0xAA,0xAA,
  0xBB,0x99,0xBA,0xA9,0xBB,0xBB,0xBA,0xBB,0xEE,0xEE,0xAE,0xAA,0xAA,0xAA,0xAA,0xAA,0xEE,0xEE,0xAA,0xEE,
  0xEE,0xEE,0xAA,0xAA,0xDD,0xDD,0xDD,0xDD,0xDD,0xDD,0xDD,0xDD,0xCC,0xCC,0xCC,0xCC,0xCC,0xCC,0xCC,0xCC,
  0xCC,0xCC,0xCC,0xCC,0xCC,0xCC,0xCC,0xCC,0xCC,0xCC,0xCC,0xCC,0xCC,0xCC,0xCC,0xCC,0xCC,0xCC,0xCC,0xCC,
  0xCC,0xCC,0xCC,0xCC,0xCC,0xCC,0xCC,0xCC,0xCC,0xCC,0xCC,0xCC,0xCC,0xCC,0xCC,0xCC,0xCC,0xCC,0xCC,0xCC,
  0xCC,0xCC,0xCC,0xCC,0xCC,0xCC,0xCC,0xCC,0x38,0x48,0x48,0x48,0x48,0x78,0x78,0x78,0x89,0x89,0x89,0x88,
  0x89,0x89,0x89,0x89,0x88,0x88,0x89,0x88,0x88,0x88,0x89,0x88,0x99,0x99,0x99,0x99,0x9A,0x99,0x99,0x99,
  0xAA,0xAA,0xAE,0xAA,0xEE,0xAA,0xAA,0xAE,0xBB,0xBB,0xAA,0xCB,0xCC,0xBB,0x9A,0xCB,0xAA,0xAA,0xEE,0xAA,
  0xAE,0xEE,0xEE,0xEE,0xAA,0xAA,0xAA,0xEE,0xAA,0xAA,0xAA,0xAA,0xDD,0xDD,0xDD,0xDD,0xDD,0xDD,0xDD,0xDD,
  0xCC,0xCC,0xCC,0xCC,0xCC,0xCC,0xCC,0xCC,0xCC,0xCC,0xCC,0xCC,0xCC,0xCC,0xCC,0xCC,0xCC,0xCC,0xCC,0xCC,
  0xCC,0xCC,0xCC,0xCC,0xCC,0xCC,0xCC,0xCC,0xCC,0xCC,0xCC,0xCC,0xCC,0xCC,0xCC,0xCC,0xCC,0xCC,0xCC,0xCC,
  0xCC,0xCC,0xCC,0xCC,0xCC,0xCC,0xCC,0xCC,0xCC,0xCC,0xCC,0xCC,0xCC,0xCC,0xCC,0xCC,0x47,0x47,0x57,0x58,
  0x58,0x57,0x36,0x36,0x89,0x88,0x89,0x89,0x88,0x89,0x88,0x88,0x88,0x88,0x89,0x88,0x88,0x88,0x89,0x88,
  0x99,0x99,0x99,0x99,0x99,0x99,0x99,0x99,0xAA,0xAA,0xAA,0xAA,0xAA,0xAA,0xCB,0xCC,0xBB,0xBB,0xCA,0xCC,
  0xBB,0xBB,0xBB,0xBB,0xEE,0xEE,0xAA,0xEE,0xEE,0xEE,0xCC,0xCC,0xAA,0xAA,0xAA,0xAA,0xAA,0xEE,0xCC,0xCC,
  0xDD,0xDD,0xDD,0xDD,0xDD,0xDD,0xCC,0xCC,0xCC,0xCC,0xCC,0xCC,0xCC,0xCC,0xCC,0xCC,0xCC,0xCC,0xCC,0xCC,
  0xCC,0xCC,0xCC,0xCC,0xCC,0xCC,0xCC,0xCC,0xCC,0xCC,0xCC,0xCC,0xCC,0xCC,0xCC,0xCC,0xCC,0xCC,0xCC,0xCC,
  0xCC,0xCC,0xCC,0xCC,0xCC,0xCC,0xCC,0xCC,0xCC,0xCC,0xCC,0xCC,0xCC,0xCC,0xCC,0xCC,0xCC,0xCC,0xCC,0xCC,
  0xCC,0xCC,0xCC,0xCC,0x28,0x86,0x66,0x66,0x66,0x66,0x66,0x66,0x89,0x86,0x66,0x66,0x66,0x66,0x66,0x66,
  0x88,0x88,0x88,0x88,0x88,0x88,0x88,0x88,0x99,0x99,0x99,0x99,0x99,0x99,0x99,0x99,0xCC,0xCB,0xBD,0xCD,
  0xAA,0xAA,0xAA,0xAA,0xBB,0xBB,0xBB,0xB9,0xBB,0xBB,0xAA,0xBB,0xCC,0xCC,0xCC,0xCD,0xAA,0xAA,0xAA,0xAA,
  0xCC,0xCC,0xDD,0xCD,0xAA,0xAA,0xAA,0xAA,0xCC,0xCC,0xCC,0xCC,0xDD,0xDD,0xDD,0xDD,0xCC,0xCC,0xCC,0xCC,
  0xCC,0xCC,0xCC,0xCC,0xCC,0xCC,0xCC,0xCC,0xCC,0xCC,0xCC,0xCC,0xCC,0xCC,0xCC,0xCC,0xCC,0xCC,0xCC,0xCC,
  0xCC,0xCC,0xCC,0xCC,0xCC,0xCC,0xCC,0xCC,0xCC,0xCC,0xCC,0xCC,0xCC,0xCC,0xCC,0xCC,0xCC,0xCC,0xCC,0xCC,
  0xCC,0xCC,0xCC,0xCC,0xCC,0xCC,0xCC,0xCC,0xCC,0xCC,0xCC,0xCC,0x66,0x66,0x66,0x66,0x66,0x66,0x66,0x66,
  0x66,0x66,0x66,0x66,0x66,0x66,0x66,0x66,0x88,0x88,0x88,0x88,0x88,0x88,0x88,0x88,0x99,0x99,0x99,0x99,
  0x99,0x99,0x99,0x99,0xAA,0xEE,0xEA,0xEE,0xEE,0xAE,0xAA,0xAE,0xBB,0xCC,0xAA,0xBB,0xCC,0xB9,0xAA,0x9C,
  0xAA,0xAA,0xAA,0xAA,0xEE,0xEE,0xAA,0xEF,0xAA,0xAA,0xAA,0xAA,0xEE,0xEA,0xAA,0xAE,0xDD,0xDD,0xDD,0xDD,
  0xDD,0xDD,0xDD,0xDD,0xCC,0xCC,0xCC,0xCC,0xCC,0xCC,0xCC,0xCC,0xCC,0xCC,0xCC,0xCC,0xCC,0xCC,0xCC,0xCC,
  0xCC,0xCC,0xCC,0xCC,0xCC,0xCC,0xCC,0xCC,0xCC,0xCC,0xCC,0xCC,0xCC,0xCC,0xCC,0xCC,0xCC,0xCC,0xCC,0xCC,
  0xCC,0xCC,0xCC,0xCC,0xCC,0xCC,0xCC,0xCC,0xCC,0xCC,0xCC,0xCC,0xCC,0xCC,0xCC,0xCC,0xCC,0xCC,0xCC,0xCC,
  0x66,0x66,0x86,0x66,0x66,0x66,0x66,0x66,0x66,0x66,0x66,0x66,0x66,0x66,0x66,0x66,0x88,0x88,0x88,0x88,
  0x88,0x88,0x88,0x88,0x99,0x99,0x99,0x99,0x99,0x99,0x99,0x99,0xAA,0xAA,0xAA,0xAA,0xEE,0xAA,0xAA,0xAA,
  0xBB,0xBB,0xAA,0xCC,0xBB,0xCC,0xAA,0xBB,0xEE,0xEE,0xEE,0xEE,0xEE,0xEE,0xAA,0xAA,0xAA,0xEE,0xEE,0xAA,
  0xAA,0xAA,0xAA,0xEE,0xDD,0xDD,0xDD,0xDD,0xDD,0xDD,0xDD,0xDD,0xCC,0xCC,0xCC,0xCC,0xCC,0xCC,0xCC,0xCC,
  0xCC,0xCC,0xCC,0xCC,0xCC,0xCC,0xCC,0xCC,0xCC,0xCC,0xCC,0xCC,0xCC,0xCC,0xCC,0xCC,0xCC,0xCC,0xCC,0xCC,
  0xCC,0xCC,0xCC,0xCC,0xCC,0xCC,0xCC,0xCC,0xCC,0xCC,0xCC,0xCC,0xCC,0xCC,0xCC,0xCC,0xCC,0xCC,0xCC,0xCC,
  0xCC,0xCC,0xCC,0xCC,0xCC,0xCC,0xCC,0xCC,0x66,0x66,0x86,0x66,0x66,0x66,0x86,0x66,0x66,0x66,0x66,0x66,
  0x66,0x66,0x66,0x66,0x88,0x88,0x88,0x88,0x88,0x88,0x88,0x88,0x99,0x99,0x99,0x99,0x99,0x99,0x99,0x99,
  0xAA,0xAE,0xAA,0xEE,0xEE,0xEE,0xAA,0xEE,0x99,0x9B,0xAC,0xCC,0xBB,0xBB,0xAA,0xBB,0xAA,0xAA,0xEE,0xAA,
  0xAA,0xAA,0xEE,0xEE,0xEE,0xEE,0xAA,0xAA,0xAA,0xEE,0xEE,0xEE,0xDD,0xDD,0xDD,0xDD,0xDD,0xDD,0xDD,0xDD,
  0xCC,0xCC,0xCC,0xCC,0xCC,0xCC,0xCC,0xCC,0xCC,0xCC,0xCC,0xCC,0xCC,0xCC,0xCC,0xCC,0xCC,0xCC,0xCC,0xCC,
  0xCC,0xCC,0xCC,0xCC,0xCC,0xCC,0xCC,0xCC,0xCC,0xCC,0xCC,0xCC,0xCC,0xCC,0xCC,0xCC,0xCC,0xCC,0xCC,0xCC,
  0xCC,0xCC,0xCC,0xCC,0xCC,0xCC,0xCC,0xCC,0xCC,0xCC,0xCC,0xCC,0xCC,0xCC,0xCC,0xCC,0x66,0x66,0x86,0x66,
  0x66,0x66,0x86,0x66,0x66,0x66,0x66,0x66,0x66,0x66,0x66,0x66,0x88,0x88,0x88,0x88,0x88,0x88,0x88,0x88,
  0x99,0x99,0x99,0x99,0xA9,0x99,0x99,0x99,0xEE,0xEE,0xAA,0xEE,0xEE,0xEA,0xEE,0xEE,0xBB,0xBB,0xAB,0xBB,
  0xBB,0xCA,0xAC,0xCC,0xEE,0xEE,0xEE,0xAA,0xAA,0xAA,0xAA,0xAA,0xEE,0xEE,0xAA,0xEE,0xEE,0xEE,0xAA,0xAA,
  0xDD,0xDD,0xDD,0xDD,0xDD,0xDD,0xDD,0xDD,0xCC,0xCC,0xCC,0xCC,0xCC,0xCC,0xCC,0xCC,0xCC,0xCC,0xCC,0xCC,
  0xCC,0xCC,0xCC,0xCC,0xCC,0xCC,0xCC,0xCC,0xCC,0xCC,0xCC,0xCC,0xCC,0xCC,0xCC,0xCC,0xCC,0xCC,0xCC,0xCC,
  0xCC,0xCC,0xCC,0xCC,0xCC,0xCC,0xCC,0xCC,0xCC,0xCC,0xCC,0xCC,0xCC,0xCC,0xCC,0xCC,0xCC,0xCC,0xCC,0xCC,
  0xCC,0xCC,0xCC,0xCC,0x66,0x66,0x86,0x66,0x66,0x66,0x66,0x66,0x66,0x66,0x66,0x66,0x65,0x66,0x66,0x66,
  0x88,0x88,0x88,0x88,0x88,0x88,0x88,0x88,0x99,0x99,0x99,0x99,0x99,0x99,0x99,0x99,0xEE,0xEA,0xEE,0xAA,
  0xAA,0xAE,0xEE,0xEE,0xCC,0xBB,0xAC,0xCC,0xAA,0xCA,0xAC,0x99,0xAA,0xAA,0xAA,0xAA,0xAA,0xAA,0xAA,0xEE,
  0xAA,0xAA,0xAA,0xAA,0xAA,0xAA,0xAA,0xAA,0xDD,0xDD,0xDD,0xDD,0xDD,0xDD,0xDD,0xDD,0xCC,0xCC,0xCC,0xCC,
  0xCC,0xCC,0xCC,0xCC,0xCC,0xCC,0xCC,0xCC,0xCC,0xCC,0xCC,0xCC,0xCC,0xCC,0xCC,0xCC,0xCC,0xCC,0xCC,0xCC,
  0xCC,0xCC,0xCC,0xCC,0xCC,0xCC,0xCC,0xCC,0xCC,0xCC,0xCC,0xCC,0xCC,0xCC,0xCC,0xCC,0xCC,0xCC,0xCC,0xCC,
  0xCC,0xCC,0xCC,0xCC,0xCC,0xCC,0xCC,0xCC,0xCC,0xCC,0xCC,0xCC,0x66,0x66,0x66,0x66,0x66,0x66,0x66,0x66,
  0x66,0x66,0x65,0x56,0x66,0x66,0x66,0x66,0x88,0x88,0x88,0x88,0x88,0x88,0x88,0x88,0x99,0x99,0x99,0x99,
  0x99,0x99,0x99,0x99,0xAA,0xEA,0xAE,0xAA,0xAA,0xAE,0xAA,0xAA,0xBB,0xBA,0xAC,0xBB,0xBB,0xBA,0xAB,0xBB,
  0xEE,0xEA,0xAA,0xAA,0xAA,0xAA,0xAA,0xAA,0xAA,0xAA,0xAA,0xAA,0xAA,0xEE,0xAA,0xEE,0xDD,0xDD,0xDD,0xDD,
  0xDD,0xDD,0xDD,0xDD,0xCC,0xCC,0xCC,0xCC,0xCC,0xCC,0xCC,0xCC,0xCC,0xCC,0xCC,0xCC,0xCC,0xCC,0xCC,0xCC,
  0xCC,0xCC,0xCC,0xCC,0xCC,0xCC,0xCC,0xCC,0xCC,0xCC,0xCC,0xCC,0xCC,0xCC,0xCC,0xCC,0xCC,0xCC,0xCC,0xCC,
  0xCC,0xCC,0xCC,0xCC,0xCC,0xCC,0xCC,0xCC,0xCC,0xCC,0xCC,0xCC,0xCC,0xCC,0xCC,0xCC,0xCC,0xCC,0xCC,0xCC,
  0x66,0x66,0x66,0x66,0x66,0x66,0x66,0x66,0x66,0x66,0x66,0x66,0x66,0x66,0x66,0x66,0x88,0x88,0x88,0x88,
  0x88,0x88,0x88,0x88,0x99,0x99,0x99,0x99,0x99,0x99,0x99,0x99,0xAA,0xEA,0xAE,0xEE,0xEE,0xAE,0xEE,0xEE,
  0xBB,0xCA,0xAB,0xBB,0xBB,0xBA,0xAB,0x99,0xAA,0xEE,0xEE,0xEE,0xEE,0xEE,0xEE,0xEE,0xEE,0xAA,0xAA,0xAA,
  0xAA,0xAA,0xAA,0xAA,0xDD,0xDD,0xDD,0xDD,0xDD,0xDD,0xDD,0xDD,0xCC,0xCC,0xCC,0xCC,0xCC,0xCC,0xCC,0xCC,
  0xCC,0xCC,0xCC,0xCC,0xCC,0xCC,0xCC,0xCC,0xCC,0xCC,0xCC,0xCC,0xCC,0xCC,0xCC,0xCC,0xCC,0xCC,0xCC,0xCC,
  0xCC,0xCC,0xCC,0xCC,0xCC,0xCC,0xCC,0xCC,0xCC,0xCC,0xCC,0xCC,0xCC,0xCC,0xCC,0xCC,0xCC,0xCC,0xCC,0xCC,
  0xCC,0xCC,0xCC,0xCC,0xCC,0xCC,0xCC,0xCC,0x66,0x66,0x66,0x66,0x66,0x68,0x66,0x66,0x66,0x66,0x66,0x66,
  0x66,0x66,0x66,0x66,0x88,0x88,0x88,0x88,0x88,0x88,0x88,0x88,0x99,0x99,0x99,0x99,0x99,0x99,0x99,0x99,
  0xEE,0xAE,0xAA,0xEE,0xAE,0xEE,0xEE,0xEE,0x99,0xCA,0xCB,0xCC,0xCC,0x9A,0xAC,0xBB,0xEE,0xEE,0xAA,0xAA,
  0xAA,0xAE,0xEE,0xEE,0xAA,0xAA,0xAA,0xAA,0xAA,0xAA,0xEE,0xAA,0xDD,0xDD,0xDD,0xDD,0xDD,0xDD,0xDD,0xDD,
  0xCC,0xCC,0xCC,0xCC,0xCC,0xCC,0xCC,0xCC,0xCC,0xCC,0xCC,0xCC,0xCC,0xCC,0xCC,0xCC,0xCC,0xCC,0xCC,0xCC,
  0xCC,0xCC,0xCC,0xCC,0xCC,0xCC,0xCC,0xCC,0xCC,0xCC,0xCC,0xCC,0xCC,0xCC,0xCC,0xCC,0xCC,0xCC,0xCC,0xCC,
  0xCC,0xCC,0xCC,0xCC,0xCC,0xCC,0xCC,0xCC,0xCC,0xCC,0xCC,0xCC,0xCC,0xCC,0xCC,0xCC,0x66,0x68,0x66,0x66,
  0x66,0x68,0x66,0x66,0x66,0x66,0x66,0x66,0x66,0x66,0x66,0x66,0x88,0x88,0x88,0x88,0x88,0x88,0x88,0x88,
  0x99,0x99,0x99,0x9A,0x99,0x99,0x99,0x99,0xEE,0xEE,0xEE,0xEE,0xAA,0xAE,0xAA,0xAA,0xCC,0xBA,0xCC,0xCC,
  0xBB,0xCA,0xBB,0xBB,0xEE,0xEE,0xAA,0xAA,0xAA,0xAA,0xAA,0xAA,0xAA,0xAA,0xAA,0xAA,0xAA,0xAA,0xEE,0xEE,
  0xDD,0xDD,0xDD,0xDD,0xDD,0xDD,0xDD,0xDD,0xCC,0xCC,0xCC,0xCC,0xCC,0xCC,0xCC,0xCC,0xCC,0xCC,0xCC,0xCC,
  0xCC,0xCC,0xCC,0xCC,0xCC,0xCC,0xCC,0xCC,0xCC,0xCC,0xCC,0xCC,0xCC,0xCC,0xCC,0xCC,0xCC,0xCC,0xCC,0xCC,
  0xCC,0xCC,0xCC,0xCC,0xCC,0xCC,0xCC,0xCC,0xCC,0xCC,0xCC,0xCC,0xCC,0xCC,0xCC,0xCC,0xCC,0xCC,0xCC,0xCC,
  0xCC,0xCC,0xCC,0xCC,0x66,0x68,0x66,0x66,0x66,0x68,0x66,0x66,0x66,0x56,0x66,0x66,0x66,0x66,0x66,0x66,
  0x88,0x88,0x88,0x88,0x88,0x88,0x88,0x88,0x99,0x99,0x99,0x99,0x99,0x99,0x99,0x99,0xAA,0xAA,0xAA,0xAA,
  0xAA,0xAA,0xAA,0xAA,0xBB,0xCA,0xCB,0xBB,0xCC,0xCA,0xBB,0xBB,0xAA,0xAA,0xAE,0xEE,0xEE,0xEE,0xAE,0xEE,
  0xEE,0xAA,0xAE,0xAA,0xAA,0xAA,0xAE,0xEE,0xDD,0xDD,0xDD,0xDD,0xDD,0xDD,0xDD,0xDD,0xCC,0xCC,0xCC,0xCC,
  0xCC,0xCC,0xCC,0xCC,0xCC,0xCC,0xCC,0xCC,0xCC,0xCC,0xCC,0xCC,0xCC,0xCC,0xCC,0xCC,0xCC,0xCC,0xCC,0xCC,
  0xCC,0xCC,0xCC,0xCC,0xCC,0xCC,0xCC,0xCC,0xCC,0xCC,0xCC,0xCC,0xCC,0xCC,0xCC,0xCC,0xCC,0xCC,0xCC,0xCC,
  0xCC,0xCC,0xCC,0xCC,0xCC,0xCC,0xCC,0xCC,0xCC,0xCC,0xCC,0xCC,0x66,0x68,0x66,0x66,0x66,0x68,0x66,0x66,
  0x66,0x66,0x66,0x66,0x66,0x66,0x66,0x66,0x88,0x88,0x88,0x88,0x88,0x88,0x88,0x88,0x99,0x99,0x99,0x99,
  0x99,0x99,0x99,0x99,0xAA,0xEA,0xEE,0xAA,0xAA,0xEE,0xAE,0xAA,0xBB,0xAA,0xCC,0xBB,0xBB,0xAA,0xBC,0xBB,
  0xEE,0xEE,0xEE,0xEE,0xEE,0xAA,0xAA,0xAA,0xEE,0xAA,0xEE,0xEE,0xEE,0xAA,0xAA,0xAA,0xDD,0xDD,0xDD,0xDD,
  0xDD,0xDD,0xDD,0xDD,0xCC,0xCC,0xCC,0xCC,0xCC,0xCC,0xCC,0xCC,0xCC,0xCC,0xCC,0xCC,0xCC,0xCC,0xCC,0xCC,
  0xCC,0xCC,0xCC,0xCC,0xCC,0xCC,0xCC,0xCC,0xCC,0xCC,0xCC,0xCC,0xCC,0xCC,0xCC,0xCC,0xCC,0xCC,0xCC,0xCC,
  0xCC,0xCC,0xCC,0xCC,0xCC,0xCC,0xCC,0xCC,0xCC,0xCC,0xCC,0xCC,0xCC,0xCC,0xCC,0xCC,0xCC,0xCC,0xCC,0xCC,
  0x66,0x66,0x66,0x66,0x66,0x66,0x66,0x66,0x66,0x66,0x66,0x66,0x66,0x66,0x66,0x66,0x88,0x88,0x88,0x88,
  0x88,0x88,0x88,0x88,0x99,0x99,0x99,0x99,0x99,0x99,0x99,0x99,0xAA,0xEA,0xAA,0xEE,0xEE,0xEE,0xEE,0xEE,
  0xBB,0xCA,0xBB,0xBB,0xBB,0xAA,0xCC,0xCC,0xAA,0xEE,0xEE,0xEE,0xEE,0xAA,0xEE,0xAA,0xAA,0xAA,0xEE,0xAA,
  0xEE,0xAA,0xAA,0xAA,0xDD,0xDD,0xDD,0xDD,0xDD,0xDD,0xDD,0xDD,0xCC,0xCC,0xCC,0xCC,0xCC,0xCC,0xCC,0xCC,
  0xCC,0xCC,0xCC,0xCC,0xCC,0xCC,0xCC,0xCC,0xCC,0xCC,0xCC,0xCC,0xCC,0xCC,0xCC,0xCC,0xCC,0xCC,0xCC,0xCC,
  0xCC,0xCC,0xCC,0xCC,0xCC,0xCC,0xCC,0xCC,0xCC,0xCC,0xCC,0xCC,0xCC,0xCC,0xCC,0xCC,0xCC,0xCC,0xCC,0xCC,
  0xCC,0xCC,0xCC,0xCC,0xCC,0xCC,0xCC,0xCC,0x66,0x66,0x66,0x66,0x66,0x66,0x66,0x66,0x66,0x66,0x66,0x66,
  0x66,0x66,0x66,0x66,0x88,0x88,0x88,0x88,0x88,0x88,0x88,0x88,0x99,0x99,0x99,0x99,0x99,0x99,0x99,0x99,
  0xEE,0xEE,0xAA,0xAA,0xAA,0xEA,0xAA,0xEE,0xBB,0xAA,0xBB,0xBB,0xBB,0xAA,0xBB,0x99,0xAA,0xEE,0xEA,0xAA,
  0xAA,0xEA,0xEE,0xAA,0xAA,0xAA,0xEA,0xEE,0xEE,0xAE,0xAA,0xEE,0xDD,0xDD,0xDD,0xDD,0xDD,0xDD,0xDD,0xDD,
  0xCC,0xCC,0xCC,0xCC,0xCC,0xCC,0xCC,0xCC,0xCC,0xCC,0xCC,0xCC,0xCC,0xCC,0xCC,0xCC,0xCC,0xCC,0xCC,0xCC,
  0xCC,0xCC,0xCC,0xCC,0xCC,0xCC,0xCC,0xCC,0xCC,0xCC,0xCC,0xCC,0xCC,0xCC,0xCC,0xCC,0xCC,0xCC,0xCC,0xCC,
  0xCC,0xCC,0xCC,0xCC,0xCC,0xCC,0xCC,0xCC,0xCC,0xCC,0xCC,0xCC,0xCC,0xCC,0xCC,0xCC,0x66,0x86,0x66,0x66,
  0x66,0x86,0x65,0x89,0x66,0x66,0x66,0x66,0x66,0x66,0x66,0x89,0x88,0x88,0x88,0x88,0x88,0x88,0x88,0x89,
  0x99,0x99,0x99,0x99,0x99,0x99,0x99,0x9C,0xEE,0xAE,0xEE,0xEE,0xEE,0xAA,0xAA,0xAC,0x99,0xAA,0xBB,0xBB,
  0xBC,0xAC,0xBB,0xAA,0xAA,0xAA,0xEE,0xEE,0xEE,0xAA,0xEE,0xAA,0xEE,0xAA,0xAA,0xAA,0xAA,0xAA,0xAA,0xAA,
  0xDD,0xDD,0xDD,0xDD,0xDD,0xDD,0xDD,0xDD,0xCC,0xCC,0xCC,0xCC,0xCC,0xCC,0xCC,0xCC,0xCC,0xCC,0xCC,0xCC,
  0xCC,0xCC,0xCC,0xCC,0xCC,0xCC,0xCC,0xCC,0xCC,0xCC,0xCC,0xCC,0xCC,0xCC,0xCC,0xCC,0xCC,0xCC,0xCC,0xCC,
  0xCC,0xCC,0xCC,0xCC,0xCC,0xCC,0xCC,0xCC,0xCC,0xCC,0xCC,0xCC,0xCC,0xCC,0xCC,0xCC,0xCC,0xCC,0xCC,0xCC,
  0xCC,0xCC,0xCC,0xCC,0xC9,0xBC,0xCC,0xCC,0xCC,0xCC,0xCC,0xCC,0xB9,0xBC,0xCC,0xCC,0xCC,0xCC,0xCC,0xCC,
  0xCB,0xCC,0xCC,0xCC,0xCC,0xCC,0xCC,0xCC,0xBC,0xCC,0xCC,0xCC,0xCC,0xCC,0xCC,0xCC,0xBC,0xCC,0xCC,0xCC,
  0xCC,0xCC,0xCC,0xCC,0xFD,0xCC,0xCC,0xCC,0xCC,0xCC,0xCC,0xCC,0xCC,0xCC,0xCC,0xCC,0xCC,0xCC,0xCC,0xCC,
  0xCC,0xCC,0xCC,0xCC,0xCC,0xCC,0xCC,0xCC,0xCC,0xCC,0xCC,0xCC,0xCC,0xCC,0xCC,0xCC,0xCC,0xCC,0xCC,0xCC,
  0xCC,0xCC,0xCC,0xCC,0xCC,0xCC,0xCC,0xCC,0xCC,0xCC,0xCC,0xCC,0xCC,0xCC,0xCC,0xCC,0xCC,0xCC,0xCC,0xCC,
  0xCC,0xCC,0xCC,0xCC,0xCC,0xCC,0xCC,0xCC,0xCC,0xCC,0xCC,0xCC,0xCC,0xCC,0xCC,0xCC,0xCC,0xCC,0xCC,0xCC,
  0xCC,0xCC,0xCC,0xCC,0xCC,0xCC,0xCC,0xCC,0xCC,0xCC,0xCC,0xCC,
};

static const unsigned char char_4bpp[768] = {
  0x00,0x00,0x00,0x00,0x00,0x00,0x00,0x00,0x00,0x00,0x00,0x00,0x00,0x00,0x00,0x00,0x00,0x00,0x07,0x88,
  0x88,0x10,0x00,0x00,0x00,0x01,0x88,0x88,0x88,0x91,0x00,0x00,0x00,0x17,0x88,0x88,0x89,0x98,0x10,0x00,
  0x00,0x19,0x88,0x65,0x58,0x99,0x40,0x00,0x00,0x19,0x82,0x22,0x22,0x89,0x40,0x00,0x00,0x19,0x66,0x22,
  0x26,0x68,0x20,0x00,0x00,0x19,0x6E,0x82,0x6E,0x69,0x20,0x00,0x01,0x99,0xE4,0x95,0x97,0x9A,0xE2,0x00,
  0x01,0x98,0x81,0x52,0x61,0x79,0x97,0x00,0x00,0x28,0x88,0x62,0x68,0x89,0x70,0x00,0x00,0x06,0x88,0x88,
  0x88,0x87,0x10,0x00,0x00,0x46,0x88,0x86,0x89,0x96,0x50,0x00,0x04,0x66,0x89,0x99,0x99,0x92,0x67,0x00,
  0x18,0x98,0x88,0x78,0x77,0x98,0x99,0x10,0x4A,0x89,0x98,0x77,0x77,0x99,0x89,0x70,0x18,0x97,0x88,0x77,
  0x77,0x94,0x99,0x10,0x00,0x41,0x89,0x99,0x99,0xA1,0x41,0x00,0x00,0x11,0x8A,0xE7,0xEA,0xA1,0x10,0x00,
  0x00,0x14,0x99,0x94,0xA9,0x97,0x10,0x00,0x00,0x11,0x78,0x41,0x48,0x81,0x10,0x00,0x00,0x01,0x11,0x11,
  0x11,0x11,0x00,0x00,0x00,0x00,0x00,0x00,0x00,0x00,0x00,0x00,0x00,0x00,0x00,0x00,0x00,0x00,0x00,0x00,
  0x00,0x00,0x00,0x00,0x00,0x00,0x00,0x00,0x00,0x00,0x78,0x88,0x81,0x00,0x00,0x00,0x00,0x07,0x88,0x88,
  0x88,0x10,0x00,0x00,0x00,0x79,0x88,0x88,0x88,0x81,0x00,0x00,0x00,0xE6,0x68,0x88,0x88,0x87,0x00,0x00,
  0x00,0x82,0x22,0x88,0x88,0x89,0x10,0x00,0x00,0x82,0x26,0x68,0x88,0x89,0x10,0x00,0x00,0x88,0x86,0x68,
  0x88,0x89,0x10,0x00,0x07,0x27,0x48,0x68,0x88,0xA7,0x00,0x00,0x15,0x26,0x16,0x68,0x89,0xEE,0x70,0x00,
  0x16,0x88,0x88,0x88,0x89,0xA9,0xE1,0x00,0x00,0x66,0x88,0x89,0x98,0x88,0x81,0x00,0x00,0x78,0x88,0x99,
  0x62,0x69,0x88,0x00,0x00,0xA8,0x98,0x89,0x62,0x28,0x88,0x00,0x00,0x84,0x87,0x78,0x86,0x68,0xA1,0x00,
  0x00,0x07,0x77,0x78,0x98,0x88,0x70,0x00,0x00,0x07,0x77,0x78,0x99,0x99,0x10,0x00,0x00,0x07,0x99,0x99,
  0xA8,0x99,0x10,0x00,0x00,0x14,0x7E,0xE9,0xAA,0xA4,0x10,0x00,0x00,0x11,0x89,0x99,0x9A,0x41,0x10,0x00,
  0x00,0x11,0x18,0x88,0x84,0x11,0x10,0x00,0x00,0x01,0x11,0x11,0x11,0x11,0x00,0x00,0x00,0x00,0x00,0x00,
  0x00,0x00,0x00,0x00,0x00,0x00,0x00,0x00,0x00,0x00,0x00,0x00,0x00,0x00,0x00,0x00,0x00,0x00,0x00,0x00,
  0x00,0x00,0x01,0x78,0x88,0x70,0x00,0x00,0x00,0x00,0x19,0x88,0x88,0x87,0x00,0x00,0x00,0x01,0x98,0x88,
  0x88,0x88,0x70,0x00,0x00,0x05,0x98,0x88,0x88,0x66,0xE1,0x00,0x00,0x19,0x88,0x88,0x82,0x22,0x61,0x00,
  0x00,0x19,0x88,0x89,0x66,0x22,0x61,0x00,0x00,0x1E,0x98,0x88,0x66,0x88,0x81,0x00,0x00,0x07,0xA8,0x88,
  0x68,0x77,0x58,0x00,0x00,0x7E,0xE9,0x88,0x86,0x15,0x26,0x10,0x00,0xE9,0xEA,0x88,0x88,0x88,0x88,0x10,
  0x01,0x98,0x98,0x89,0x88,0x86,0x60,0x00,0x08,0x89,0x62,0x69,0x99,0x88,0x70,0x00,0x08,0x89,0x62,0x68,
  0x88,0x98,0x91,0x00,0x00,0xA8,0x66,0x88,0x77,0x82,0x81,0x00,0x00,0x78,0x88,0x98,0x77,0x77,0x00,0x00,
  0x00,0x19,0x99,0x98,0x77,0x77,0x00,0x00,0x00,0x18,0x98,0xA9,0x99,0x98,0x10,0x00,0x00,0x01,0x9A,0xA9,
  0xEE,0x74,0x11,0x00,0x00,0x01,0x2A,0xA9,0x99,0x81,0x11,0x00,0x00,0x01,0x12,0x88,0x88,0x11,0x11,0x00,
  0x00,0x00,0x11,0x11,0x11,0x11,0x10,0x00,0x00,0x00,0x00,0x00,0x00,0x00,0x00,0x00,0x00,0x00,0x00,0x00,
  0x00,0x00,0x00,0x00,0x00,0x00,0x00,0x00,0x00,0x00,0x00,0x00,0x00,0x00,0x04,0x87,0x77,0x40,0x00,0x00,
  0x00,0x00,0x4A,0x88,0x88,0x84,0x00,0x00,0x00,0x04,0xE9,0x98,0x88,0x88,0x20,0x00,0x00,0x09,0x99,0x99,
  0x88,0x88,0x80,0x00,0x00,0x09,0x99,0x99,0x89,0x88,0x80,0x00,0x00,0x08,0x99,0x99,0x88,0x88,0x80,0x00,
  0x00,0x08,0x99,0x99,0x98,0x88,0x80,0x00,0x00,0x79,0x99,0x99,0x98,0x88,0x97,0x00,0x01,0x89,0x99,0x99,
  0x88,0x88,0x88,0x10,0x00,0x19,0x89,0x99,0x99,0x98,0x81,0x00,0x00,0x01,0x89,0xA9,0x98,0x88,0x10,0x00,
  0x00,0x16,0x68,0x99,0x98,0x86,0x61,0x00,0x01,0x66,0x69,0x98,0x89,0x96,0x26,0x10,0x04,0x98,0x8A,0x99,
  0x89,0x98,0x89,0x40,0x1E,0x98,0xE9,0x99,0x99,0x9A,0x89,0xE0,0x04,0x98,0x49,0x9A,0xA9,0x94,0x99,0x40,
  0x00,0x41,0x5E,0x9A,0x99,0xA4,0x12,0x00,0x00,0x01,0x49,0x9E,0xEA,0x94,0x10,0x00,0x00,0x11,0x99,0x98,
  0x89,0x99,0x11,0x00,0x00,0x11,0x48,0x71,0x18,0x84,0x11,0x00,0x00,0x01,0x11,0x11,0x11,0x11,0x10,0x00,
  0x00,0x00,0x00,0x00,0x00,0x00,0x00,0x00,
};

#endif /* ASSETS_SMITHY_H */
